Time,RainAmoutPredicted[mm/h],RainAmoutGT[mm/h],RainAmoutPredictedCumSum,RainAmoutGTCumSum
2015-01-01 00:00:00,0.0,0.0,0.0,0.0
2015-01-01 00:10:00,0.0,0.0,0.0,0.0
2015-01-01 00:20:00,0.0,0.0,0.0,0.0
2015-01-01 00:30:00,0.0,0.0,0.0,0.0
2015-01-01 00:40:00,0.0,0.0,0.0,0.0
2015-01-01 00:50:00,0.0,0.0,0.0,0.0
2015-01-01 01:00:00,0.0,0.0,0.0,0.0
2015-01-01 01:10:00,0.0,0.0,0.0,0.0
2015-01-01 01:20:00,0.0,0.0,0.0,0.0
2015-01-01 01:30:00,0.65883017,0.0,0.65883017,0.0
2015-01-01 01:40:00,0.0,0.0,0.65883017,0.0
2015-01-01 01:50:00,0.0,0.0,0.65883017,0.0
2015-01-01 02:00:00,0.0,0.0,0.65883017,0.0
2015-01-01 02:10:00,1.1493716,0.0,1.8082017700000002,0.0
2015-01-01 02:20:00,0.0,0.0,1.8082017700000002,0.0
2015-01-01 02:30:00,0.0,0.0,1.8082017700000002,0.0
2015-01-01 02:40:00,0.0,0.0,1.8082017700000002,0.0
2015-01-01 02:50:00,0.66677207,0.0,2.47497384,0.0
2015-01-01 03:00:00,0.0,0.0,2.47497384,0.0
2015-01-01 03:10:00,0.0,0.0,2.47497384,0.0
2015-01-01 03:20:00,0.0,0.0,2.47497384,0.0
2015-01-01 03:30:00,0.0,0.0,2.47497384,0.0
2015-01-01 03:40:00,0.0,0.0,2.47497384,0.0
2015-01-01 03:50:00,0.0,0.0,2.47497384,0.0
2015-01-01 04:00:00,0.0,0.0,2.47497384,0.0
2015-01-01 04:10:00,0.59312844,0.0,3.06810228,0.0
2015-01-01 04:20:00,0.0,0.0,3.06810228,0.0
2015-01-01 04:30:00,0.0,0.0,3.06810228,0.0
2015-01-01 04:40:00,0.0,0.0,3.06810228,0.0
2015-01-01 04:50:00,0.0,0.0,3.06810228,0.0
2015-01-01 05:00:00,0.0,0.0,3.06810228,0.0
2015-01-01 05:10:00,0.0,0.0,3.06810228,0.0
2015-01-01 05:20:00,0.0,0.0,3.06810228,0.0
2015-01-01 05:30:00,0.0,0.0,3.06810228,0.0
2015-01-01 05:40:00,0.0,0.0,3.06810228,0.0
2015-01-01 05:50:00,0.0,0.0,3.06810228,0.0
2015-01-01 06:00:00,0.0,0.0,3.06810228,0.0
2015-01-01 06:10:00,0.0,0.0,3.06810228,0.0
2015-01-01 06:20:00,0.0,0.0,3.06810228,0.0
2015-01-01 06:30:00,0.0,0.0,3.06810228,0.0
2015-01-01 06:40:00,0.0,0.0,3.06810228,0.0
2015-01-01 06:50:00,0.0,0.0,3.06810228,0.0
2015-01-01 07:00:00,0.0,0.0,3.06810228,0.0
2015-01-01 07:10:00,0.0,0.0,3.06810228,0.0
2015-01-01 07:20:00,0.0,0.0,3.06810228,0.0
2015-01-01 07:30:00,0.0,0.0,3.06810228,0.0
2015-01-01 07:40:00,0.0,0.0,3.06810228,0.0
2015-01-01 07:50:00,0.0,0.0,3.06810228,0.0
2015-01-01 08:00:00,0.0,0.0,3.06810228,0.0
2015-01-01 08:10:00,0.0,0.0,3.06810228,0.0
2015-01-01 08:20:00,0.0,0.0,3.06810228,0.0
2015-01-01 08:30:00,0.0,0.0,3.06810228,0.0
2015-01-01 08:40:00,0.0,0.0,3.06810228,0.0
2015-01-01 08:50:00,0.0,0.0,3.06810228,0.0
2015-01-01 09:00:00,0.0,0.0,3.06810228,0.0
2015-01-01 09:10:00,0.0,0.0,3.06810228,0.0
2015-01-01 09:20:00,0.0,0.0,3.06810228,0.0
2015-01-01 09:30:00,0.0,0.0,3.06810228,0.0
2015-01-01 09:40:00,0.0,0.0,3.06810228,0.0
2015-01-01 09:50:00,0.0,0.0,3.06810228,0.0
2015-01-01 10:00:00,0.0,0.0,3.06810228,0.0
2015-01-01 10:10:00,0.0,0.0,3.06810228,0.0
2015-01-01 10:20:00,0.0,0.0,3.06810228,0.0
2015-01-01 10:30:00,0.0,0.0,3.06810228,0.0
2015-01-01 10:40:00,0.0,0.0,3.06810228,0.0
2015-01-01 10:50:00,0.0,0.0,3.06810228,0.0
2015-01-01 11:00:00,0.0,0.0,3.06810228,0.0
2015-01-01 11:10:00,0.0,0.0,3.06810228,0.0
2015-01-01 11:20:00,0.0,0.0,3.06810228,0.0
2015-01-01 11:30:00,0.0,0.0,3.06810228,0.0
2015-01-01 11:40:00,0.0,0.0,3.06810228,0.0
2015-01-01 11:50:00,0.0,0.0,3.06810228,0.0
2015-01-01 12:00:00,0.0,0.0,3.06810228,0.0
2015-01-01 12:10:00,0.0,0.0,3.06810228,0.0
2015-01-01 12:20:00,0.0,0.0,3.06810228,0.0
2015-01-01 12:30:00,0.0,0.0,3.06810228,0.0
2015-01-01 12:40:00,0.0,0.0,3.06810228,0.0
2015-01-01 12:50:00,0.0,0.0,3.06810228,0.0
2015-01-01 13:00:00,0.0,0.0,3.06810228,0.0
2015-01-01 13:10:00,0.538587,0.0,3.6066892800000003,0.0
2015-01-01 13:20:00,0.6623627,0.0,4.26905198,0.0
2015-01-01 13:30:00,0.613864,0.0,4.88291598,0.0
2015-01-01 13:40:00,0.0,0.0,4.88291598,0.0
2015-01-01 13:50:00,0.5282304,0.0,5.41114638,0.0
2015-01-01 14:00:00,0.0,0.0,5.41114638,0.0
2015-01-01 14:10:00,1.4659688,0.0,6.87711518,0.0
2015-01-01 14:20:00,0.0,0.0,6.87711518,0.0
2015-01-01 14:30:00,0.54551077,0.0,7.42262595,0.0
2015-01-01 14:40:00,0.0,0.0,7.42262595,0.0
2015-01-01 14:50:00,1.3131964,0.0,8.73582235,0.0
2015-01-01 15:00:00,0.0,0.0,8.73582235,0.0
2015-01-01 15:10:00,1.1423204,0.0,9.878142749999999,0.0
2015-01-01 15:20:00,0.0,0.0,9.878142749999999,0.0
2015-01-01 15:30:00,1.2920064,0.0,11.170149149999999,0.0
2015-01-01 15:40:00,0.0,0.0,11.170149149999999,0.0
2015-01-01 15:50:00,0.52759266,0.0,11.697741809999998,0.0
2015-01-01 16:00:00,0.0,0.0,11.697741809999998,0.0
2015-01-01 16:10:00,2.0655618,0.0,13.763303609999998,0.0
2015-01-01 16:20:00,0.0,0.0,13.763303609999998,0.0
2015-01-01 16:30:00,0.7188838,0.0,14.482187409999998,0.0
2015-01-01 16:40:00,0.0,0.0,14.482187409999998,0.0
2015-01-01 16:50:00,1.2897967,0.0,15.771984109999998,0.0
2015-01-01 17:00:00,0.0,0.0,15.771984109999998,0.0
2015-01-01 17:10:00,0.0,0.0,15.771984109999998,0.0
2015-01-01 17:20:00,0.0,0.0,15.771984109999998,0.0
2015-01-01 17:30:00,1.0848954,0.0,16.85687951,0.0
2015-01-01 17:40:00,0.0,0.0,16.85687951,0.0
2015-01-01 17:50:00,0.6101055,0.0,17.46698501,0.0
2015-01-01 18:00:00,0.0,0.0,17.46698501,0.0
2015-01-01 18:10:00,0.75972104,0.0,18.226706049999997,0.0
2015-01-01 18:20:00,0.0,0.0,18.226706049999997,0.0
2015-01-01 18:30:00,0.0,0.0,18.226706049999997,0.0
2015-01-01 18:40:00,0.0,0.0,18.226706049999997,0.0
2015-01-01 18:50:00,0.0,0.0,18.226706049999997,0.0
2015-01-01 19:00:00,0.0,0.0,18.226706049999997,0.0
2015-01-01 19:10:00,0.0,0.0,18.226706049999997,0.0
2015-01-01 19:20:00,0.0,0.0,18.226706049999997,0.0
2015-01-01 19:30:00,0.0,0.0,18.226706049999997,0.0
2015-01-01 19:40:00,0.0,0.0,18.226706049999997,0.0
2015-01-01 19:50:00,0.0,0.0,18.226706049999997,0.0
2015-01-01 20:00:00,0.0,0.0,18.226706049999997,0.0
2015-01-01 20:10:00,0.0,0.0,18.226706049999997,0.0
2015-01-01 20:20:00,0.0,0.0,18.226706049999997,0.0
2015-01-01 20:30:00,0.0,0.0,18.226706049999997,0.0
2015-01-01 20:40:00,0.0,0.0,18.226706049999997,0.0
2015-01-01 20:50:00,0.0,0.0,18.226706049999997,0.0
2015-01-01 21:00:00,0.0,0.0,18.226706049999997,0.0
2015-01-01 21:10:00,0.0,0.0,18.226706049999997,0.0
2015-01-01 21:20:00,0.0,0.0,18.226706049999997,0.0
2015-01-01 21:30:00,0.0,0.0,18.226706049999997,0.0
2015-01-01 21:40:00,0.0,0.0,18.226706049999997,0.0
2015-01-01 21:50:00,0.0,0.0,18.226706049999997,0.0
2015-01-01 22:00:00,0.0,0.0,18.226706049999997,0.0
2015-01-01 22:10:00,0.0,0.0,18.226706049999997,0.0
2015-01-01 22:20:00,0.0,0.0,18.226706049999997,0.0
2015-01-01 22:30:00,0.0,0.0,18.226706049999997,0.0
2015-01-01 22:40:00,0.0,0.0,18.226706049999997,0.0
2015-01-01 22:50:00,0.0,0.0,18.226706049999997,0.0
2015-01-01 23:00:00,0.0,0.0,18.226706049999997,0.0
2015-01-01 23:10:00,0.0,0.0,18.226706049999997,0.0
2015-01-01 23:20:00,0.0,0.0,18.226706049999997,0.0
2015-01-01 23:30:00,0.0,0.0,18.226706049999997,0.0
2015-01-01 23:40:00,0.0,0.0,18.226706049999997,0.0
2015-01-01 23:50:00,0.0,0.0,18.226706049999997,0.0
2015-01-02 00:00:00,0.0,0.0,18.226706049999997,0.0
2015-01-02 00:10:00,0.0,0.0,18.226706049999997,0.0
2015-01-02 00:20:00,0.0,0.0,18.226706049999997,0.0
2015-01-02 00:30:00,0.0,0.0,18.226706049999997,0.0
2015-01-02 00:40:00,0.0,0.0,18.226706049999997,0.0
2015-01-02 00:50:00,0.0,0.0,18.226706049999997,0.0
2015-01-02 01:00:00,0.0,0.0,18.226706049999997,0.0
2015-01-02 01:10:00,0.0,0.0,18.226706049999997,0.0
2015-01-02 01:20:00,0.0,0.0,18.226706049999997,0.0
2015-01-02 01:30:00,0.0,0.0,18.226706049999997,0.0
2015-01-02 01:40:00,0.0,0.0,18.226706049999997,0.0
2015-01-02 01:50:00,0.0,0.0,18.226706049999997,0.0
2015-01-02 02:00:00,0.0,0.0,18.226706049999997,0.0
2015-01-02 02:10:00,0.0,0.0,18.226706049999997,0.0
2015-01-02 02:20:00,0.0,0.0,18.226706049999997,0.0
2015-01-02 02:30:00,0.0,0.0,18.226706049999997,0.0
2015-01-02 02:40:00,0.0,0.0,18.226706049999997,0.0
2015-01-02 02:50:00,0.0,0.0,18.226706049999997,0.0
2015-01-02 03:00:00,0.0,0.0,18.226706049999997,0.0
2015-01-02 03:10:00,0.0,0.0,18.226706049999997,0.0
2015-01-02 03:20:00,0.0,0.0,18.226706049999997,0.0
2015-01-02 03:30:00,0.0,0.0,18.226706049999997,0.0
2015-01-02 03:40:00,0.0,0.0,18.226706049999997,0.0
2015-01-02 03:50:00,0.0,0.0,18.226706049999997,0.0
2015-01-02 04:00:00,0.0,0.0,18.226706049999997,0.0
2015-01-02 04:10:00,0.0,0.0,18.226706049999997,0.0
2015-01-02 04:20:00,0.0,0.0,18.226706049999997,0.0
2015-01-02 04:30:00,0.0,0.0,18.226706049999997,0.0
2015-01-02 04:40:00,0.0,0.0,18.226706049999997,0.0
2015-01-02 04:50:00,0.0,0.0,18.226706049999997,0.0
2015-01-02 05:00:00,0.0,0.0,18.226706049999997,0.0
2015-01-02 05:10:00,0.0,0.0,18.226706049999997,0.0
2015-01-02 05:20:00,0.0,0.0,18.226706049999997,0.0
2015-01-02 05:30:00,0.78717846,0.0,19.013884509999997,0.0
2015-01-02 05:40:00,0.0,0.0,19.013884509999997,0.0
2015-01-02 05:50:00,0.0,0.0,19.013884509999997,0.0
2015-01-02 06:00:00,0.0,0.0,19.013884509999997,0.0
2015-01-02 06:10:00,0.0,0.0,19.013884509999997,0.0
2015-01-02 06:20:00,0.0,0.0,19.013884509999997,0.0
2015-01-02 06:30:00,0.0,0.0,19.013884509999997,0.0
2015-01-02 06:40:00,0.0,0.0,19.013884509999997,0.0
2015-01-02 06:50:00,0.0,0.0,19.013884509999997,0.0
2015-01-02 07:00:00,0.0,0.0,19.013884509999997,0.0
2015-01-02 07:10:00,0.0,0.0,19.013884509999997,0.0
2015-01-02 07:20:00,0.0,0.0,19.013884509999997,0.0
2015-01-02 07:30:00,0.0,0.0,19.013884509999997,0.0
2015-01-02 07:40:00,0.0,0.0,19.013884509999997,0.0
2015-01-02 07:50:00,0.0,0.0,19.013884509999997,0.0
2015-01-02 08:00:00,0.0,0.0,19.013884509999997,0.0
2015-01-02 08:10:00,0.0,0.0,19.013884509999997,0.0
2015-01-02 08:20:00,0.0,0.0,19.013884509999997,0.0
2015-01-02 08:30:00,0.0,0.0,19.013884509999997,0.0
2015-01-02 08:40:00,0.0,0.0,19.013884509999997,0.0
2015-01-02 08:50:00,0.0,0.0,19.013884509999997,0.0
2015-01-02 09:00:00,0.0,0.0,19.013884509999997,0.0
2015-01-02 09:10:00,0.0,0.0,19.013884509999997,0.0
2015-01-02 09:20:00,0.0,0.0,19.013884509999997,0.0
2015-01-02 09:30:00,1.157199,0.0,20.171083509999995,0.0
2015-01-02 09:40:00,0.0,0.0,20.171083509999995,0.0
2015-01-02 09:50:00,0.50996524,0.0,20.681048749999995,0.0
2015-01-02 10:00:00,0.0,0.0,20.681048749999995,0.0
2015-01-02 10:10:00,1.1380657,0.0,21.819114449999994,0.0
2015-01-02 10:20:00,0.0,0.0,21.819114449999994,0.0
2015-01-02 10:30:00,1.3750441,0.0,23.194158549999994,0.0
2015-01-02 10:40:00,0.0,0.0,23.194158549999994,0.0
2015-01-02 10:50:00,0.0,0.0,23.194158549999994,0.0
2015-01-02 11:00:00,0.0,0.0,23.194158549999994,0.0
2015-01-02 11:10:00,0.0,0.0,23.194158549999994,0.0
2015-01-02 11:20:00,0.0,0.0,23.194158549999994,0.0
2015-01-02 11:30:00,0.5764431,0.0,23.770601649999993,0.0
2015-01-02 11:40:00,0.0,0.0,23.770601649999993,0.0
2015-01-02 11:50:00,0.0,0.0,23.770601649999993,0.0
2015-01-02 12:00:00,0.0,0.0,23.770601649999993,0.0
2015-01-02 12:10:00,0.5929444,0.0,24.363546049999993,0.0
2015-01-02 12:20:00,0.0,0.0,24.363546049999993,0.0
2015-01-02 12:30:00,0.0,0.0,24.363546049999993,0.0
2015-01-02 12:40:00,0.0,0.0,24.363546049999993,0.0
2015-01-02 12:50:00,0.0,0.0,24.363546049999993,0.0
2015-01-02 13:00:00,0.0,0.0,24.363546049999993,0.0
2015-01-02 13:10:00,0.0,0.0,24.363546049999993,0.0
2015-01-02 13:20:00,0.0,0.0,24.363546049999993,0.0
2015-01-02 13:30:00,0.0,0.0,24.363546049999993,0.0
2015-01-02 13:40:00,0.0,0.0,24.363546049999993,0.0
2015-01-02 13:50:00,0.0,0.0,24.363546049999993,0.0
2015-01-02 14:00:00,0.0,0.0,24.363546049999993,0.0
2015-01-02 14:10:00,0.0,0.0,24.363546049999993,0.0
2015-01-02 14:20:00,0.0,0.0,24.363546049999993,0.0
2015-01-02 14:30:00,0.0,0.0,24.363546049999993,0.0
2015-01-02 14:40:00,0.0,0.0,24.363546049999993,0.0
2015-01-02 14:50:00,0.0,0.0,24.363546049999993,0.0
2015-01-02 15:00:00,0.0,0.0,24.363546049999993,0.0
2015-01-02 15:10:00,0.0,0.0,24.363546049999993,0.0
2015-01-02 15:20:00,0.0,0.0,24.363546049999993,0.0
2015-01-02 15:30:00,0.0,0.0,24.363546049999993,0.0
2015-01-02 15:40:00,0.0,0.0,24.363546049999993,0.0
2015-01-02 15:50:00,0.0,0.0,24.363546049999993,0.0
2015-01-02 16:00:00,0.0,0.0,24.363546049999993,0.0
2015-01-02 16:10:00,0.0,1.1,24.363546049999993,1.1
2015-01-02 16:20:00,0.0,0.0,24.363546049999993,1.1
2015-01-02 16:30:00,0.0,0.0,24.363546049999993,1.1
2015-01-02 16:40:00,0.0,0.0,24.363546049999993,1.1
2015-01-02 16:50:00,0.0,0.0,24.363546049999993,1.1
2015-01-02 17:00:00,0.0,0.0,24.363546049999993,1.1
2015-01-02 17:10:00,0.0,0.0,24.363546049999993,1.1
2015-01-02 17:20:00,0.0,0.0,24.363546049999993,1.1
2015-01-02 17:30:00,0.0,0.0,24.363546049999993,1.1
2015-01-02 17:40:00,0.0,0.0,24.363546049999993,1.1
2015-01-02 17:50:00,0.0,0.0,24.363546049999993,1.1
2015-01-02 18:00:00,0.0,0.0,24.363546049999993,1.1
2015-01-02 18:10:00,0.0,0.0,24.363546049999993,1.1
2015-01-02 18:20:00,0.0,0.0,24.363546049999993,1.1
2015-01-02 18:30:00,0.0,0.0,24.363546049999993,1.1
2015-01-02 18:40:00,0.0,0.0,24.363546049999993,1.1
2015-01-02 18:50:00,0.0,0.0,24.363546049999993,1.1
2015-01-02 19:00:00,0.0,0.0,24.363546049999993,1.1
2015-01-02 19:10:00,0.0,0.0,24.363546049999993,1.1
2015-01-02 19:20:00,0.0,0.0,24.363546049999993,1.1
2015-01-02 19:30:00,0.0,0.0,24.363546049999993,1.1
2015-01-02 19:40:00,0.0,0.0,24.363546049999993,1.1
2015-01-02 19:50:00,0.0,0.0,24.363546049999993,1.1
2015-01-02 20:00:00,0.0,0.0,24.363546049999993,1.1
2015-01-02 20:10:00,0.0,0.0,24.363546049999993,1.1
2015-01-02 20:20:00,0.0,0.0,24.363546049999993,1.1
2015-01-02 20:30:00,0.0,0.0,24.363546049999993,1.1
2015-01-02 20:40:00,0.0,0.0,24.363546049999993,1.1
2015-01-02 20:50:00,0.0,0.0,24.363546049999993,1.1
2015-01-02 21:00:00,0.0,0.0,24.363546049999993,1.1
2015-01-02 21:10:00,0.0,0.0,24.363546049999993,1.1
2015-01-02 21:20:00,0.0,0.0,24.363546049999993,1.1
2015-01-02 21:30:00,0.8497004,0.0,25.213246449999993,1.1
2015-01-02 21:40:00,0.0,0.0,25.213246449999993,1.1
2015-01-02 21:50:00,0.8469306,0.0,26.060177049999993,1.1
2015-01-02 22:00:00,0.0,0.0,26.060177049999993,1.1
2015-01-02 22:10:00,0.8793163,0.0,26.939493349999992,1.1
2015-01-02 22:20:00,0.0,0.0,26.939493349999992,1.1
2015-01-02 22:30:00,0.713241,0.0,27.652734349999992,1.1
2015-01-02 22:40:00,0.0,0.0,27.652734349999992,1.1
2015-01-02 22:50:00,1.8037832,0.0,29.456517549999994,1.1
2015-01-02 23:00:00,0.0,0.0,29.456517549999994,1.1
2015-01-02 23:10:00,0.6938782,0.0,30.150395749999994,1.1
2015-01-02 23:20:00,0.0,0.0,30.150395749999994,1.1
2015-01-02 23:30:00,1.2083822,0.0,31.358777949999993,1.1
2015-01-02 23:40:00,0.0,0.0,31.358777949999993,1.1
2015-01-02 23:50:00,0.0,0.0,31.358777949999993,1.1
2015-01-03 00:00:00,0.0,0.0,31.358777949999993,1.1
2015-01-03 00:10:00,0.94923943,0.0,32.308017379999995,1.1
2015-01-03 00:20:00,0.0,0.0,32.308017379999995,1.1
2015-01-03 00:30:00,0.54607224,0.0,32.854089619999996,1.1
2015-01-03 00:40:00,0.0,0.0,32.854089619999996,1.1
2015-01-03 00:50:00,0.7230445,0.0,33.57713412,1.1
2015-01-03 01:00:00,0.0,0.0,33.57713412,1.1
2015-01-03 01:10:00,0.0,0.0,33.57713412,1.1
2015-01-03 01:20:00,0.0,0.0,33.57713412,1.1
2015-01-03 01:30:00,1.3936508,0.0,34.97078492,1.1
2015-01-03 01:40:00,0.0,0.0,34.97078492,1.1
2015-01-03 01:50:00,0.0,0.0,34.97078492,1.1
2015-01-03 02:00:00,0.0,0.0,34.97078492,1.1
2015-01-03 02:10:00,0.76819086,0.0,35.73897578,1.1
2015-01-03 02:20:00,0.0,0.0,35.73897578,1.1
2015-01-03 02:30:00,0.5803401,0.0,36.31931588,1.1
2015-01-03 02:40:00,0.0,0.0,36.31931588,1.1
2015-01-03 02:50:00,0.0,0.0,36.31931588,1.1
2015-01-03 03:00:00,0.0,0.0,36.31931588,1.1
2015-01-03 03:10:00,0.0,0.0,36.31931588,1.1
2015-01-03 03:20:00,0.0,0.0,36.31931588,1.1
2015-01-03 03:30:00,0.0,0.0,36.31931588,1.1
2015-01-03 03:40:00,0.0,0.0,36.31931588,1.1
2015-01-03 03:50:00,0.0,0.0,36.31931588,1.1
2015-01-03 04:00:00,0.0,0.0,36.31931588,1.1
2015-01-03 04:10:00,0.0,0.0,36.31931588,1.1
2015-01-03 04:20:00,0.0,0.0,36.31931588,1.1
2015-01-03 04:30:00,0.0,0.0,36.31931588,1.1
2015-01-03 04:40:00,0.0,0.0,36.31931588,1.1
2015-01-03 04:50:00,0.0,0.0,36.31931588,1.1
2015-01-03 05:00:00,0.0,0.0,36.31931588,1.1
2015-01-03 05:10:00,0.0,0.0,36.31931588,1.1
2015-01-03 05:20:00,0.0,0.0,36.31931588,1.1
2015-01-03 05:30:00,0.0,0.0,36.31931588,1.1
2015-01-03 05:40:00,0.0,0.0,36.31931588,1.1
2015-01-03 05:50:00,0.0,0.0,36.31931588,1.1
2015-01-03 06:00:00,0.0,0.0,36.31931588,1.1
2015-01-03 06:10:00,0.0,0.0,36.31931588,1.1
2015-01-03 06:20:00,0.0,0.0,36.31931588,1.1
2015-01-03 06:30:00,0.0,0.0,36.31931588,1.1
2015-01-03 06:40:00,0.0,0.0,36.31931588,1.1
2015-01-03 06:50:00,0.0,0.0,36.31931588,1.1
2015-01-03 07:00:00,0.0,0.0,36.31931588,1.1
2015-01-03 07:10:00,0.0,0.0,36.31931588,1.1
2015-01-03 07:20:00,0.0,0.0,36.31931588,1.1
2015-01-03 07:30:00,0.0,0.0,36.31931588,1.1
2015-01-03 07:40:00,0.0,0.0,36.31931588,1.1
2015-01-03 07:50:00,0.0,0.0,36.31931588,1.1
2015-01-03 08:00:00,0.0,0.0,36.31931588,1.1
2015-01-03 08:10:00,0.0,0.0,36.31931588,1.1
2015-01-03 08:20:00,0.0,0.0,36.31931588,1.1
2015-01-03 08:30:00,0.0,0.0,36.31931588,1.1
2015-01-03 08:40:00,0.0,0.0,36.31931588,1.1
2015-01-03 08:50:00,0.0,0.0,36.31931588,1.1
2015-01-03 09:00:00,0.0,0.0,36.31931588,1.1
2015-01-03 09:10:00,0.0,0.0,36.31931588,1.1
2015-01-03 09:20:00,0.0,0.0,36.31931588,1.1
2015-01-03 09:30:00,0.0,0.0,36.31931588,1.1
2015-01-03 09:40:00,0.0,0.0,36.31931588,1.1
2015-01-03 09:50:00,0.0,0.0,36.31931588,1.1
2015-01-03 10:00:00,0.0,0.0,36.31931588,1.1
2015-01-03 10:10:00,0.0,0.0,36.31931588,1.1
2015-01-03 10:20:00,0.0,0.0,36.31931588,1.1
2015-01-03 10:30:00,0.0,0.0,36.31931588,1.1
2015-01-03 10:40:00,0.0,0.0,36.31931588,1.1
2015-01-03 10:50:00,0.74274266,0.0,37.062058539999995,1.1
2015-01-03 11:00:00,0.0,0.0,37.062058539999995,1.1
2015-01-03 11:10:00,0.0,0.0,37.062058539999995,1.1
2015-01-03 11:20:00,0.0,0.0,37.062058539999995,1.1
2015-01-03 11:30:00,0.0,0.0,37.062058539999995,1.1
2015-01-03 11:40:00,0.0,0.0,37.062058539999995,1.1
2015-01-03 11:50:00,0.0,0.0,37.062058539999995,1.1
2015-01-03 12:00:00,0.0,0.0,37.062058539999995,1.1
2015-01-03 12:10:00,0.5333936,0.0,37.59545213999999,1.1
2015-01-03 12:20:00,0.0,0.0,37.59545213999999,1.1
2015-01-03 12:30:00,0.0,0.0,37.59545213999999,1.1
2015-01-03 12:40:00,0.0,0.0,37.59545213999999,1.1
2015-01-03 12:50:00,0.0,0.0,37.59545213999999,1.1
2015-01-03 13:00:00,0.0,0.0,37.59545213999999,1.1
2015-01-03 13:10:00,0.6238755,0.0,38.21932763999999,1.1
2015-01-03 13:20:00,0.0,0.0,38.21932763999999,1.1
2015-01-03 13:30:00,0.0,0.0,38.21932763999999,1.1
2015-01-03 13:40:00,0.0,0.0,38.21932763999999,1.1
2015-01-03 13:50:00,0.0,0.0,38.21932763999999,1.1
2015-01-03 14:00:00,0.0,0.0,38.21932763999999,1.1
2015-01-03 14:10:00,0.0,0.0,38.21932763999999,1.1
2015-01-03 14:20:00,0.0,0.0,38.21932763999999,1.1
2015-01-03 14:30:00,0.0,0.0,38.21932763999999,1.1
2015-01-03 14:40:00,0.0,0.0,38.21932763999999,1.1
2015-01-03 14:50:00,0.0,0.0,38.21932763999999,1.1
2015-01-03 15:00:00,0.0,0.0,38.21932763999999,1.1
2015-01-03 15:10:00,0.0,0.0,38.21932763999999,1.1
2015-01-03 15:20:00,0.0,0.0,38.21932763999999,1.1
2015-01-03 15:30:00,0.0,0.0,38.21932763999999,1.1
2015-01-03 15:40:00,0.0,0.0,38.21932763999999,1.1
2015-01-03 15:50:00,0.0,0.0,38.21932763999999,1.1
2015-01-03 16:00:00,0.0,0.0,38.21932763999999,1.1
2015-01-03 16:10:00,0.0,0.0,38.21932763999999,1.1
2015-01-03 16:20:00,0.0,0.0,38.21932763999999,1.1
2015-01-03 16:30:00,0.0,0.0,38.21932763999999,1.1
2015-01-03 16:40:00,0.0,0.0,38.21932763999999,1.1
2015-01-03 16:50:00,0.0,0.0,38.21932763999999,1.1
2015-01-03 17:00:00,0.0,0.0,38.21932763999999,1.1
2015-01-03 17:10:00,0.0,0.0,38.21932763999999,1.1
2015-01-03 17:20:00,0.0,0.0,38.21932763999999,1.1
2015-01-03 17:30:00,0.0,0.0,38.21932763999999,1.1
2015-01-03 17:40:00,0.0,0.0,38.21932763999999,1.1
2015-01-03 17:50:00,0.0,0.0,38.21932763999999,1.1
2015-01-03 18:00:00,0.0,0.0,38.21932763999999,1.1
2015-01-03 18:10:00,0.65477425,0.0,38.87410188999999,1.1
2015-01-03 18:20:00,0.0,0.0,38.87410188999999,1.1
2015-01-03 18:30:00,0.0,0.0,38.87410188999999,1.1
2015-01-03 18:40:00,0.0,0.0,38.87410188999999,1.1
2015-01-03 18:50:00,0.0,0.0,38.87410188999999,1.1
2015-01-03 19:00:00,0.0,0.0,38.87410188999999,1.1
2015-01-03 19:10:00,0.0,0.0,38.87410188999999,1.1
2015-01-03 19:20:00,0.0,0.0,38.87410188999999,1.1
2015-01-03 19:30:00,0.0,0.0,38.87410188999999,1.1
2015-01-03 19:40:00,0.0,0.0,38.87410188999999,1.1
2015-01-03 19:50:00,0.0,0.0,38.87410188999999,1.1
2015-01-03 20:00:00,0.0,0.0,38.87410188999999,1.1
2015-01-03 20:10:00,0.0,0.0,38.87410188999999,1.1
2015-01-03 20:20:00,0.0,0.0,38.87410188999999,1.1
2015-01-03 20:30:00,0.0,0.0,38.87410188999999,1.1
2015-01-03 20:40:00,0.0,0.0,38.87410188999999,1.1
2015-01-03 20:50:00,0.0,0.0,38.87410188999999,1.1
2015-01-03 21:00:00,0.0,0.0,38.87410188999999,1.1
2015-01-03 21:10:00,0.0,0.0,38.87410188999999,1.1
2015-01-03 21:20:00,0.0,0.0,38.87410188999999,1.1
2015-01-03 21:30:00,0.0,0.0,38.87410188999999,1.1
2015-01-03 21:40:00,0.0,0.0,38.87410188999999,1.1
2015-01-03 21:50:00,0.0,0.0,38.87410188999999,1.1
2015-01-03 22:00:00,0.0,0.0,38.87410188999999,1.1
2015-01-03 22:10:00,0.0,0.0,38.87410188999999,1.1
2015-01-03 22:20:00,0.0,0.0,38.87410188999999,1.1
2015-01-03 22:30:00,0.0,0.0,38.87410188999999,1.1
2015-01-03 22:40:00,0.0,0.0,38.87410188999999,1.1
2015-01-03 22:50:00,0.0,0.0,38.87410188999999,1.1
2015-01-03 23:00:00,0.0,0.0,38.87410188999999,1.1
2015-01-03 23:10:00,0.0,0.0,38.87410188999999,1.1
2015-01-03 23:20:00,0.0,0.0,38.87410188999999,1.1
2015-01-03 23:30:00,0.0,0.0,38.87410188999999,1.1
2015-01-03 23:40:00,0.0,0.0,38.87410188999999,1.1
2015-01-03 23:50:00,0.0,0.0,38.87410188999999,1.1
2015-01-04 00:00:00,0.0,0.0,38.87410188999999,1.1
2015-01-04 00:10:00,0.0,0.0,38.87410188999999,1.1
2015-01-04 00:20:00,0.0,0.0,38.87410188999999,1.1
2015-01-04 00:30:00,0.0,0.0,38.87410188999999,1.1
2015-01-04 00:40:00,0.0,0.0,38.87410188999999,1.1
2015-01-04 00:50:00,0.0,0.0,38.87410188999999,1.1
2015-01-04 01:00:00,0.0,0.0,38.87410188999999,1.1
2015-01-04 01:10:00,0.0,0.0,38.87410188999999,1.1
2015-01-04 01:20:00,0.0,0.0,38.87410188999999,1.1
2015-01-04 01:30:00,0.0,0.0,38.87410188999999,1.1
2015-01-04 01:40:00,0.0,0.0,38.87410188999999,1.1
2015-01-04 01:50:00,0.0,0.0,38.87410188999999,1.1
2015-01-04 02:00:00,0.0,0.0,38.87410188999999,1.1
2015-01-04 02:10:00,0.0,0.0,38.87410188999999,1.1
2015-01-04 02:20:00,0.0,0.0,38.87410188999999,1.1
2015-01-04 02:30:00,0.0,0.0,38.87410188999999,1.1
2015-01-04 02:40:00,0.0,0.0,38.87410188999999,1.1
2015-01-04 02:50:00,0.0,0.0,38.87410188999999,1.1
2015-01-04 03:00:00,0.0,0.0,38.87410188999999,1.1
2015-01-04 03:10:00,0.0,0.0,38.87410188999999,1.1
2015-01-04 03:20:00,0.0,0.0,38.87410188999999,1.1
2015-01-04 03:30:00,0.0,0.0,38.87410188999999,1.1
2015-01-04 03:40:00,0.0,0.0,38.87410188999999,1.1
2015-01-04 03:50:00,0.0,0.0,38.87410188999999,1.1
2015-01-04 04:00:00,0.0,0.0,38.87410188999999,1.1
2015-01-04 04:10:00,0.0,0.0,38.87410188999999,1.1
2015-01-04 04:20:00,0.0,0.0,38.87410188999999,1.1
2015-01-04 04:30:00,0.0,0.0,38.87410188999999,1.1
2015-01-04 04:40:00,0.0,0.0,38.87410188999999,1.1
2015-01-04 04:50:00,0.0,0.0,38.87410188999999,1.1
2015-01-04 05:00:00,0.0,0.0,38.87410188999999,1.1
2015-01-04 05:10:00,0.0,0.0,38.87410188999999,1.1
2015-01-04 05:20:00,0.0,0.0,38.87410188999999,1.1
2015-01-04 05:30:00,0.8920398,0.0,39.76614168999999,1.1
2015-01-04 05:40:00,0.0,0.0,39.76614168999999,1.1
2015-01-04 05:50:00,0.0,0.0,39.76614168999999,1.1
2015-01-04 06:00:00,0.0,0.0,39.76614168999999,1.1
2015-01-04 06:10:00,0.6198075,0.0,40.38594918999999,1.1
2015-01-04 06:20:00,0.0,0.0,40.38594918999999,1.1
2015-01-04 06:30:00,0.0,0.0,40.38594918999999,1.1
2015-01-04 06:40:00,0.0,0.0,40.38594918999999,1.1
2015-01-04 06:50:00,0.0,0.0,40.38594918999999,1.1
2015-01-04 07:00:00,0.0,0.0,40.38594918999999,1.1
2015-01-04 07:10:00,0.0,0.0,40.38594918999999,1.1
2015-01-04 07:20:00,0.0,0.0,40.38594918999999,1.1
2015-01-04 07:30:00,0.5178208,0.0,40.903769989999994,1.1
2015-01-04 07:40:00,0.0,0.0,40.903769989999994,1.1
2015-01-04 07:50:00,0.0,0.0,40.903769989999994,1.1
2015-01-04 08:00:00,0.0,0.0,40.903769989999994,1.1
2015-01-04 08:10:00,0.0,0.0,40.903769989999994,1.1
2015-01-04 08:20:00,0.0,0.0,40.903769989999994,1.1
2015-01-04 08:30:00,0.0,0.0,40.903769989999994,1.1
2015-01-04 08:40:00,0.0,0.0,40.903769989999994,1.1
2015-01-04 08:50:00,0.0,0.0,40.903769989999994,1.1
2015-01-04 09:00:00,0.0,0.0,40.903769989999994,1.1
2015-01-04 09:10:00,0.0,0.0,40.903769989999994,1.1
2015-01-04 09:20:00,0.0,0.0,40.903769989999994,1.1
2015-01-04 09:30:00,1.2513977,0.0,42.15516768999999,1.1
2015-01-04 09:40:00,0.5085298,1.1,42.66369748999999,2.2
2015-01-04 09:50:00,0.6595748,0.0,43.32327228999999,2.2
2015-01-04 10:00:00,0.0,1.2,43.32327228999999,3.4000000000000004
2015-01-04 10:10:00,1.1617208,0.0,44.48499308999999,3.4000000000000004
2015-01-04 10:20:00,0.0,0.0,44.48499308999999,3.4000000000000004
2015-01-04 10:30:00,0.0,0.0,44.48499308999999,3.4000000000000004
2015-01-04 10:40:00,0.6377574,0.0,45.12275048999999,3.4000000000000004
2015-01-04 10:50:00,0.0,0.0,45.12275048999999,3.4000000000000004
2015-01-04 11:00:00,0.0,0.0,45.12275048999999,3.4000000000000004
2015-01-04 11:10:00,0.0,0.0,45.12275048999999,3.4000000000000004
2015-01-04 11:20:00,0.0,0.0,45.12275048999999,3.4000000000000004
2015-01-04 11:30:00,0.0,0.0,45.12275048999999,3.4000000000000004
2015-01-04 11:40:00,0.0,0.0,45.12275048999999,3.4000000000000004
2015-01-04 11:50:00,0.0,0.0,45.12275048999999,3.4000000000000004
2015-01-04 12:00:00,0.0,0.0,45.12275048999999,3.4000000000000004
2015-01-04 12:10:00,0.0,0.0,45.12275048999999,3.4000000000000004
2015-01-04 12:20:00,0.0,0.0,45.12275048999999,3.4000000000000004
2015-01-04 12:30:00,0.0,0.0,45.12275048999999,3.4000000000000004
2015-01-04 12:40:00,0.0,0.0,45.12275048999999,3.4000000000000004
2015-01-04 12:50:00,0.0,0.0,45.12275048999999,3.4000000000000004
2015-01-04 13:00:00,0.0,1.1,45.12275048999999,4.5
2015-01-04 13:10:00,0.0,0.0,45.12275048999999,4.5
2015-01-04 13:20:00,0.0,0.0,45.12275048999999,4.5
2015-01-04 13:30:00,0.0,0.0,45.12275048999999,4.5
2015-01-04 13:40:00,0.0,0.0,45.12275048999999,4.5
2015-01-04 13:50:00,0.0,0.0,45.12275048999999,4.5
2015-01-04 14:00:00,0.0,0.0,45.12275048999999,4.5
2015-01-04 14:10:00,0.0,0.0,45.12275048999999,4.5
2015-01-04 14:20:00,0.0,0.0,45.12275048999999,4.5
2015-01-04 14:30:00,0.0,0.0,45.12275048999999,4.5
2015-01-04 14:40:00,0.0,0.0,45.12275048999999,4.5
2015-01-04 14:50:00,0.0,0.0,45.12275048999999,4.5
2015-01-04 15:00:00,0.0,0.0,45.12275048999999,4.5
2015-01-04 15:10:00,0.0,1.1,45.12275048999999,5.6
2015-01-04 15:20:00,0.0,0.0,45.12275048999999,5.6
2015-01-04 15:30:00,0.5031421,0.0,45.625892589999985,5.6
2015-01-04 15:40:00,0.0,0.0,45.625892589999985,5.6
2015-01-04 15:50:00,0.0,0.0,45.625892589999985,5.6
2015-01-04 16:00:00,0.0,0.0,45.625892589999985,5.6
2015-01-04 16:10:00,0.8260646,0.0,46.45195718999999,5.6
2015-01-04 16:20:00,0.0,0.0,46.45195718999999,5.6
2015-01-04 16:30:00,0.5439826,0.0,46.99593978999999,5.6
2015-01-04 16:40:00,0.0,0.0,46.99593978999999,5.6
2015-01-04 16:50:00,0.65568817,0.0,47.651627959999985,5.6
2015-01-04 17:00:00,0.0,0.0,47.651627959999985,5.6
2015-01-04 17:10:00,0.0,0.0,47.651627959999985,5.6
2015-01-04 17:20:00,0.0,0.0,47.651627959999985,5.6
2015-01-04 17:30:00,1.198826,0.0,48.85045395999998,5.6
2015-01-04 17:40:00,0.0,0.0,48.85045395999998,5.6
2015-01-04 17:50:00,0.0,0.0,48.85045395999998,5.6
2015-01-04 18:00:00,0.0,0.0,48.85045395999998,5.6
2015-01-04 18:10:00,0.82186764,0.0,49.67232159999998,5.6
2015-01-04 18:20:00,0.0,0.0,49.67232159999998,5.6
2015-01-04 18:30:00,0.0,0.0,49.67232159999998,5.6
2015-01-04 18:40:00,0.0,0.0,49.67232159999998,5.6
2015-01-04 18:50:00,1.2963226,0.0,50.968644199999986,5.6
2015-01-04 19:00:00,0.0,0.0,50.968644199999986,5.6
2015-01-04 19:10:00,0.75647414,0.0,51.72511833999999,5.6
2015-01-04 19:20:00,0.0,0.0,51.72511833999999,5.6
2015-01-04 19:30:00,1.4412785,0.0,53.16639683999999,5.6
2015-01-04 19:40:00,0.0,0.0,53.16639683999999,5.6
2015-01-04 19:50:00,0.0,0.0,53.16639683999999,5.6
2015-01-04 20:00:00,0.0,0.0,53.16639683999999,5.6
2015-01-04 20:10:00,0.65195686,0.0,53.81835369999999,5.6
2015-01-04 20:20:00,0.0,0.0,53.81835369999999,5.6
2015-01-04 20:30:00,0.0,0.0,53.81835369999999,5.6
2015-01-04 20:40:00,0.0,0.0,53.81835369999999,5.6
2015-01-04 20:50:00,0.5056077,0.0,54.32396139999999,5.6
2015-01-04 21:00:00,0.0,0.0,54.32396139999999,5.6
2015-01-04 21:10:00,0.0,0.0,54.32396139999999,5.6
2015-01-04 21:20:00,0.0,0.0,54.32396139999999,5.6
2015-01-04 21:30:00,1.0478793,0.0,55.371840699999986,5.6
2015-01-04 21:40:00,0.0,0.0,55.371840699999986,5.6
2015-01-04 21:50:00,0.0,0.0,55.371840699999986,5.6
2015-01-04 22:00:00,0.0,0.0,55.371840699999986,5.6
2015-01-04 22:10:00,0.0,0.0,55.371840699999986,5.6
2015-01-04 22:20:00,0.0,0.0,55.371840699999986,5.6
2015-01-04 22:30:00,0.0,0.0,55.371840699999986,5.6
2015-01-04 22:40:00,0.0,0.0,55.371840699999986,5.6
2015-01-04 22:50:00,0.0,0.0,55.371840699999986,5.6
2015-01-04 23:00:00,0.0,0.0,55.371840699999986,5.6
2015-01-04 23:10:00,0.0,0.0,55.371840699999986,5.6
2015-01-04 23:20:00,0.0,0.0,55.371840699999986,5.6
2015-01-04 23:30:00,0.0,0.0,55.371840699999986,5.6
2015-01-04 23:40:00,0.0,0.0,55.371840699999986,5.6
2015-01-04 23:50:00,0.0,0.0,55.371840699999986,5.6
2015-01-05 00:00:00,0.0,0.0,55.371840699999986,5.6
2015-01-05 00:10:00,0.0,0.0,55.371840699999986,5.6
2015-01-05 00:20:00,0.0,0.0,55.371840699999986,5.6
2015-01-05 00:30:00,0.0,0.0,55.371840699999986,5.6
2015-01-05 00:40:00,0.0,0.0,55.371840699999986,5.6
2015-01-05 00:50:00,0.0,0.0,55.371840699999986,5.6
2015-01-05 01:00:00,0.0,0.0,55.371840699999986,5.6
2015-01-05 01:10:00,0.0,0.0,55.371840699999986,5.6
2015-01-05 01:20:00,0.0,0.0,55.371840699999986,5.6
2015-01-05 01:30:00,0.0,0.0,55.371840699999986,5.6
2015-01-05 01:40:00,0.0,0.0,55.371840699999986,5.6
2015-01-05 01:50:00,0.0,0.0,55.371840699999986,5.6
2015-01-05 02:00:00,0.0,0.0,55.371840699999986,5.6
2015-01-05 02:10:00,0.0,0.0,55.371840699999986,5.6
2015-01-05 02:20:00,0.0,0.0,55.371840699999986,5.6
2015-01-05 02:30:00,0.0,0.0,55.371840699999986,5.6
2015-01-05 02:40:00,0.0,0.0,55.371840699999986,5.6
2015-01-05 02:50:00,0.0,0.0,55.371840699999986,5.6
2015-01-05 03:00:00,0.0,0.0,55.371840699999986,5.6
2015-01-05 03:10:00,0.0,0.0,55.371840699999986,5.6
2015-01-05 03:20:00,0.0,0.0,55.371840699999986,5.6
2015-01-05 03:30:00,0.0,0.0,55.371840699999986,5.6
2015-01-05 03:40:00,0.0,0.0,55.371840699999986,5.6
2015-01-05 03:50:00,0.51747787,0.0,55.889318569999986,5.6
2015-01-05 04:00:00,0.0,0.0,55.889318569999986,5.6
2015-01-05 04:10:00,0.0,0.0,55.889318569999986,5.6
2015-01-05 04:20:00,0.0,0.0,55.889318569999986,5.6
2015-01-05 04:30:00,0.6182879,0.0,56.507606469999985,5.6
2015-01-05 04:40:00,0.0,0.0,56.507606469999985,5.6
2015-01-05 04:50:00,1.4066795,0.0,57.91428596999999,5.6
2015-01-05 05:00:00,0.7477701,0.0,58.662056069999984,5.6
2015-01-05 05:10:00,0.0,0.0,58.662056069999984,5.6
2015-01-05 05:20:00,0.0,0.0,58.662056069999984,5.6
2015-01-05 05:30:00,1.1817979,0.0,59.843853969999984,5.6
2015-01-05 05:40:00,0.0,0.0,59.843853969999984,5.6
2015-01-05 05:50:00,0.0,0.0,59.843853969999984,5.6
2015-01-05 06:00:00,0.0,0.0,59.843853969999984,5.6
2015-01-05 06:10:00,1.0280561,0.0,60.871910069999984,5.6
2015-01-05 06:20:00,0.0,0.0,60.871910069999984,5.6
2015-01-05 06:30:00,0.0,0.0,60.871910069999984,5.6
2015-01-05 06:40:00,0.0,0.0,60.871910069999984,5.6
2015-01-05 06:50:00,1.5210327,0.0,62.39294276999998,5.6
2015-01-05 07:00:00,0.0,0.0,62.39294276999998,5.6
2015-01-05 07:10:00,0.0,0.0,62.39294276999998,5.6
2015-01-05 07:20:00,0.0,0.0,62.39294276999998,5.6
2015-01-05 07:30:00,0.6001942,0.0,62.99313696999998,5.6
2015-01-05 07:40:00,0.0,0.0,62.99313696999998,5.6
2015-01-05 07:50:00,0.0,0.0,62.99313696999998,5.6
2015-01-05 08:00:00,0.0,0.0,62.99313696999998,5.6
2015-01-05 08:10:00,0.0,0.0,62.99313696999998,5.6
2015-01-05 08:20:00,0.0,0.0,62.99313696999998,5.6
2015-01-05 08:30:00,0.0,0.0,62.99313696999998,5.6
2015-01-05 08:40:00,0.0,0.0,62.99313696999998,5.6
2015-01-05 08:50:00,0.0,0.0,62.99313696999998,5.6
2015-01-05 09:00:00,0.0,0.0,62.99313696999998,5.6
2015-01-05 09:10:00,0.0,0.0,62.99313696999998,5.6
2015-01-05 09:20:00,0.0,0.0,62.99313696999998,5.6
2015-01-05 09:30:00,0.0,0.0,62.99313696999998,5.6
2015-01-05 09:40:00,0.0,0.0,62.99313696999998,5.6
2015-01-05 09:50:00,0.0,0.0,62.99313696999998,5.6
2015-01-05 10:00:00,0.0,0.0,62.99313696999998,5.6
2015-01-05 10:10:00,0.0,0.0,62.99313696999998,5.6
2015-01-05 10:20:00,0.0,0.0,62.99313696999998,5.6
2015-01-05 10:30:00,0.0,0.0,62.99313696999998,5.6
2015-01-05 10:40:00,0.0,0.0,62.99313696999998,5.6
2015-01-05 10:50:00,0.0,0.0,62.99313696999998,5.6
2015-01-05 11:00:00,0.0,0.0,62.99313696999998,5.6
2015-01-05 11:10:00,0.0,0.0,62.99313696999998,5.6
2015-01-05 11:20:00,0.0,0.0,62.99313696999998,5.6
2015-01-05 11:30:00,0.0,0.0,62.99313696999998,5.6
2015-01-05 11:40:00,0.0,0.0,62.99313696999998,5.6
2015-01-05 11:50:00,0.0,0.0,62.99313696999998,5.6
2015-01-05 12:00:00,0.0,0.0,62.99313696999998,5.6
2015-01-05 12:10:00,0.0,0.0,62.99313696999998,5.6
2015-01-05 12:20:00,0.0,0.0,62.99313696999998,5.6
2015-01-05 12:30:00,0.0,0.0,62.99313696999998,5.6
2015-01-05 12:40:00,0.0,0.0,62.99313696999998,5.6
2015-01-05 12:50:00,0.0,0.0,62.99313696999998,5.6
2015-01-05 13:00:00,0.0,0.0,62.99313696999998,5.6
2015-01-05 13:10:00,0.0,0.0,62.99313696999998,5.6
2015-01-05 13:20:00,0.0,0.0,62.99313696999998,5.6
2015-01-05 13:30:00,0.0,0.0,62.99313696999998,5.6
2015-01-05 13:40:00,0.0,0.0,62.99313696999998,5.6
2015-01-05 13:50:00,0.0,0.0,62.99313696999998,5.6
2015-01-05 14:00:00,0.0,0.0,62.99313696999998,5.6
2015-01-05 14:10:00,0.0,0.0,62.99313696999998,5.6
2015-01-05 14:20:00,0.0,0.0,62.99313696999998,5.6
2015-01-05 14:30:00,0.0,0.0,62.99313696999998,5.6
2015-01-05 14:40:00,0.0,0.0,62.99313696999998,5.6
2015-01-05 14:50:00,0.0,0.0,62.99313696999998,5.6
2015-01-05 15:00:00,0.0,0.0,62.99313696999998,5.6
2015-01-05 15:10:00,0.0,0.0,62.99313696999998,5.6
2015-01-05 15:20:00,0.0,0.0,62.99313696999998,5.6
2015-01-05 15:30:00,0.0,0.0,62.99313696999998,5.6
2015-01-05 15:40:00,0.0,0.0,62.99313696999998,5.6
2015-01-05 15:50:00,0.0,0.0,62.99313696999998,5.6
2015-01-05 16:00:00,0.0,0.0,62.99313696999998,5.6
2015-01-05 16:10:00,0.5769791,0.0,63.57011606999998,5.6
2015-01-05 16:20:00,0.0,0.0,63.57011606999998,5.6
2015-01-05 16:30:00,0.6345907,0.0,64.20470676999999,5.6
2015-01-05 16:40:00,0.0,0.0,64.20470676999999,5.6
2015-01-05 16:50:00,0.0,0.0,64.20470676999999,5.6
2015-01-05 17:00:00,0.0,0.0,64.20470676999999,5.6
2015-01-05 17:10:00,0.0,0.0,64.20470676999999,5.6
2015-01-05 17:20:00,0.0,0.0,64.20470676999999,5.6
2015-01-05 17:30:00,0.0,0.0,64.20470676999999,5.6
2015-01-05 17:40:00,0.0,0.0,64.20470676999999,5.6
2015-01-05 17:50:00,0.0,0.0,64.20470676999999,5.6
2015-01-05 18:00:00,0.0,0.0,64.20470676999999,5.6
2015-01-05 18:10:00,0.0,0.0,64.20470676999999,5.6
2015-01-05 18:20:00,0.0,0.0,64.20470676999999,5.6
2015-01-05 18:30:00,0.0,0.0,64.20470676999999,5.6
2015-01-05 18:40:00,0.0,0.0,64.20470676999999,5.6
2015-01-05 18:50:00,1.0775691,0.0,65.28227586999999,5.6
2015-01-05 19:00:00,0.0,0.0,65.28227586999999,5.6
2015-01-05 19:10:00,0.0,0.0,65.28227586999999,5.6
2015-01-05 19:20:00,0.0,0.0,65.28227586999999,5.6
2015-01-05 19:30:00,0.0,0.0,65.28227586999999,5.6
2015-01-05 19:40:00,0.0,0.0,65.28227586999999,5.6
2015-01-05 19:50:00,0.0,0.0,65.28227586999999,5.6
2015-01-05 20:00:00,0.0,0.0,65.28227586999999,5.6
2015-01-05 20:10:00,0.0,0.0,65.28227586999999,5.6
2015-01-05 20:20:00,0.0,0.0,65.28227586999999,5.6
2015-01-05 20:30:00,0.0,0.0,65.28227586999999,5.6
2015-01-05 20:40:00,0.0,0.0,65.28227586999999,5.6
2015-01-05 20:50:00,0.0,0.0,65.28227586999999,5.6
2015-01-05 21:00:00,0.0,0.0,65.28227586999999,5.6
2015-01-05 21:10:00,0.0,0.0,65.28227586999999,5.6
2015-01-05 21:20:00,0.0,0.0,65.28227586999999,5.6
2015-01-05 21:30:00,0.0,0.0,65.28227586999999,5.6
2015-01-05 21:40:00,0.0,0.0,65.28227586999999,5.6
2015-01-05 21:50:00,0.0,0.0,65.28227586999999,5.6
2015-01-05 22:00:00,0.0,0.0,65.28227586999999,5.6
2015-01-05 22:10:00,0.0,0.0,65.28227586999999,5.6
2015-01-05 22:20:00,0.0,0.0,65.28227586999999,5.6
2015-01-05 22:30:00,0.0,0.0,65.28227586999999,5.6
2015-01-05 22:40:00,0.0,0.0,65.28227586999999,5.6
2015-01-05 22:50:00,0.0,0.0,65.28227586999999,5.6
2015-01-05 23:00:00,0.0,0.0,65.28227586999999,5.6
2015-01-05 23:10:00,0.0,0.0,65.28227586999999,5.6
2015-01-05 23:20:00,0.0,0.0,65.28227586999999,5.6
2015-01-05 23:30:00,0.0,0.0,65.28227586999999,5.6
2015-01-05 23:40:00,0.0,0.0,65.28227586999999,5.6
2015-01-05 23:50:00,0.6677604,0.0,65.95003627,5.6
2015-01-06 00:00:00,0.89050114,0.0,66.84053741,5.6
2015-01-06 00:10:00,0.5455897,0.0,67.38612710999999,5.6
2015-01-06 00:20:00,0.0,0.0,67.38612710999999,5.6
2015-01-06 00:30:00,0.0,0.0,67.38612710999999,5.6
2015-01-06 00:40:00,0.0,0.0,67.38612710999999,5.6
2015-01-06 00:50:00,0.9825568,0.0,68.36868390999999,5.6
2015-01-06 01:00:00,0.68469256,0.0,69.05337646999999,5.6
2015-01-06 01:10:00,0.0,0.0,69.05337646999999,5.6
2015-01-06 01:20:00,0.0,0.0,69.05337646999999,5.6
2015-01-06 01:30:00,1.1718389,0.0,70.22521536999999,5.6
2015-01-06 01:40:00,0.0,0.0,70.22521536999999,5.6
2015-01-06 01:50:00,0.0,0.0,70.22521536999999,5.6
2015-01-06 02:00:00,0.0,0.0,70.22521536999999,5.6
2015-01-06 02:10:00,1.1483066,0.0,71.37352196999998,5.6
2015-01-06 02:20:00,0.0,0.0,71.37352196999998,5.6
2015-01-06 02:30:00,0.0,0.0,71.37352196999998,5.6
2015-01-06 02:40:00,0.0,0.0,71.37352196999998,5.6
2015-01-06 02:50:00,1.3262682,0.0,72.69979016999999,5.6
2015-01-06 03:00:00,0.0,0.0,72.69979016999999,5.6
2015-01-06 03:10:00,0.0,0.0,72.69979016999999,5.6
2015-01-06 03:20:00,0.0,0.0,72.69979016999999,5.6
2015-01-06 03:30:00,1.2024363,0.0,73.90222646999999,5.6
2015-01-06 03:40:00,0.0,0.0,73.90222646999999,5.6
2015-01-06 03:50:00,0.0,0.0,73.90222646999999,5.6
2015-01-06 04:00:00,0.0,0.0,73.90222646999999,5.6
2015-01-06 04:10:00,0.0,0.0,73.90222646999999,5.6
2015-01-06 04:20:00,0.0,0.0,73.90222646999999,5.6
2015-01-06 04:30:00,0.7821998,0.0,74.68442626999999,5.6
2015-01-06 04:40:00,0.0,0.0,74.68442626999999,5.6
2015-01-06 04:50:00,1.4707693,0.0,76.15519556999999,5.6
2015-01-06 05:00:00,0.0,0.0,76.15519556999999,5.6
2015-01-06 05:10:00,0.8456206,0.0,77.00081617,5.6
2015-01-06 05:20:00,0.7816628,0.0,77.78247897,5.6
2015-01-06 05:30:00,1.7044762,0.0,79.48695517,5.6
2015-01-06 05:40:00,0.0,0.0,79.48695517,5.6
2015-01-06 05:50:00,0.0,0.0,79.48695517,5.6
2015-01-06 06:00:00,0.0,0.0,79.48695517,5.6
2015-01-06 06:10:00,0.0,0.0,79.48695517,5.6
2015-01-06 06:20:00,0.0,0.0,79.48695517,5.6
2015-01-06 06:30:00,0.0,0.0,79.48695517,5.6
2015-01-06 06:40:00,0.0,0.0,79.48695517,5.6
2015-01-06 06:50:00,0.0,0.0,79.48695517,5.6
2015-01-06 07:00:00,0.0,0.0,79.48695517,5.6
2015-01-06 07:10:00,0.0,0.0,79.48695517,5.6
2015-01-06 07:20:00,0.0,0.0,79.48695517,5.6
2015-01-06 07:30:00,0.0,0.0,79.48695517,5.6
2015-01-06 07:40:00,0.0,0.0,79.48695517,5.6
2015-01-06 07:50:00,0.0,0.0,79.48695517,5.6
2015-01-06 08:00:00,0.0,0.0,79.48695517,5.6
2015-01-06 08:10:00,0.0,0.0,79.48695517,5.6
2015-01-06 08:20:00,0.0,0.0,79.48695517,5.6
2015-01-06 08:30:00,0.0,0.0,79.48695517,5.6
2015-01-06 08:40:00,0.0,0.0,79.48695517,5.6
2015-01-06 08:50:00,0.0,0.0,79.48695517,5.6
2015-01-06 09:00:00,0.0,0.0,79.48695517,5.6
2015-01-06 09:10:00,0.0,0.0,79.48695517,5.6
2015-01-06 09:20:00,0.0,0.0,79.48695517,5.6
2015-01-06 09:30:00,0.9369346,0.0,80.42388977,5.6
2015-01-06 09:40:00,0.0,0.0,80.42388977,5.6
2015-01-06 09:50:00,0.0,0.0,80.42388977,5.6
2015-01-06 10:00:00,0.0,0.0,80.42388977,5.6
2015-01-06 10:10:00,0.9978861,0.0,81.42177587,5.6
2015-01-06 10:20:00,0.64563704,0.0,82.06741291,5.6
2015-01-06 10:30:00,1.0050775,0.0,83.07249041,5.6
2015-01-06 10:40:00,0.0,0.0,83.07249041,5.6
2015-01-06 10:50:00,1.5199889,0.0,84.59247931,5.6
2015-01-06 11:00:00,0.0,0.0,84.59247931,5.6
2015-01-06 11:10:00,0.0,0.0,84.59247931,5.6
2015-01-06 11:20:00,0.0,0.0,84.59247931,5.6
2015-01-06 11:30:00,2.0249684,0.0,86.61744771000001,5.6
2015-01-06 11:40:00,0.0,0.0,86.61744771000001,5.6
2015-01-06 11:50:00,0.9692819,0.0,87.58672961,5.6
2015-01-06 12:00:00,0.0,0.0,87.58672961,5.6
2015-01-06 12:10:00,1.9269149,0.0,89.51364451,5.6
2015-01-06 12:20:00,0.0,0.0,89.51364451,5.6
2015-01-06 12:30:00,0.95251524,0.0,90.46615975,5.6
2015-01-06 12:40:00,0.0,0.0,90.46615975,5.6
2015-01-06 12:50:00,1.5368532,0.0,92.00301295,5.6
2015-01-06 13:00:00,0.0,0.0,92.00301295,5.6
2015-01-06 13:10:00,1.3666989,0.0,93.36971185,5.6
2015-01-06 13:20:00,0.0,0.0,93.36971185,5.6
2015-01-06 13:30:00,1.1229823,0.0,94.49269415,5.6
2015-01-06 13:40:00,0.0,0.0,94.49269415,5.6
2015-01-06 13:50:00,0.0,0.0,94.49269415,5.6
2015-01-06 14:00:00,0.0,0.0,94.49269415,5.6
2015-01-06 14:10:00,1.5260566,0.0,96.01875075000001,5.6
2015-01-06 14:20:00,0.0,0.0,96.01875075000001,5.6
2015-01-06 14:30:00,0.5040995,0.0,96.52285025,5.6
2015-01-06 14:40:00,0.0,0.0,96.52285025,5.6
2015-01-06 14:50:00,1.1139803,0.0,97.63683055,5.6
2015-01-06 15:00:00,0.0,0.0,97.63683055,5.6
2015-01-06 15:10:00,0.6490823,0.0,98.28591285,5.6
2015-01-06 15:20:00,0.0,0.0,98.28591285,5.6
2015-01-06 15:30:00,0.52499205,0.0,98.8109049,5.6
2015-01-06 15:40:00,0.0,0.0,98.8109049,5.6
2015-01-06 15:50:00,0.0,0.0,98.8109049,5.6
2015-01-06 16:00:00,0.0,0.0,98.8109049,5.6
2015-01-06 16:10:00,0.0,0.0,98.8109049,5.6
2015-01-06 16:20:00,0.0,0.0,98.8109049,5.6
2015-01-06 16:30:00,0.0,0.0,98.8109049,5.6
2015-01-06 16:40:00,0.0,0.0,98.8109049,5.6
2015-01-06 16:50:00,0.0,0.0,98.8109049,5.6
2015-01-06 17:00:00,0.0,0.0,98.8109049,5.6
2015-01-06 17:10:00,0.0,0.0,98.8109049,5.6
2015-01-06 17:20:00,0.0,0.0,98.8109049,5.6
2015-01-06 17:30:00,0.0,0.0,98.8109049,5.6
2015-01-06 17:40:00,0.0,0.0,98.8109049,5.6
2015-01-06 17:50:00,0.0,0.0,98.8109049,5.6
2015-01-06 18:00:00,0.0,0.0,98.8109049,5.6
2015-01-06 18:10:00,0.0,0.0,98.8109049,5.6
2015-01-06 18:20:00,0.0,0.0,98.8109049,5.6
2015-01-06 18:30:00,0.0,0.0,98.8109049,5.6
2015-01-06 18:40:00,0.0,0.0,98.8109049,5.6
2015-01-06 18:50:00,0.0,0.0,98.8109049,5.6
2015-01-06 19:00:00,0.0,0.0,98.8109049,5.6
2015-01-06 19:10:00,0.0,0.0,98.8109049,5.6
2015-01-06 19:20:00,0.0,0.0,98.8109049,5.6
2015-01-06 19:30:00,0.0,0.0,98.8109049,5.6
2015-01-06 19:40:00,0.0,0.0,98.8109049,5.6
2015-01-06 19:50:00,0.0,0.0,98.8109049,5.6
2015-01-06 20:00:00,0.0,0.0,98.8109049,5.6
2015-01-06 20:10:00,0.0,0.0,98.8109049,5.6
2015-01-06 20:20:00,0.0,0.0,98.8109049,5.6
2015-01-06 20:30:00,0.0,0.0,98.8109049,5.6
2015-01-06 20:40:00,0.0,0.0,98.8109049,5.6
2015-01-06 20:50:00,0.572011,0.0,99.3829159,5.6
2015-01-06 21:00:00,0.0,0.0,99.3829159,5.6
2015-01-06 21:10:00,0.0,0.0,99.3829159,5.6
2015-01-06 21:20:00,0.7529773,0.0,100.1358932,5.6
2015-01-06 21:30:00,1.2028158,0.0,101.338709,5.6
2015-01-06 21:40:00,0.6793387,0.0,102.0180477,5.6
2015-01-06 21:50:00,0.0,0.0,102.0180477,5.6
2015-01-06 22:00:00,0.0,0.0,102.0180477,5.6
2015-01-06 22:10:00,1.0171813,0.0,103.035229,5.6
2015-01-06 22:20:00,0.0,0.0,103.035229,5.6
2015-01-06 22:30:00,0.6588737,0.0,103.6941027,5.6
2015-01-06 22:40:00,0.0,0.0,103.6941027,5.6
2015-01-06 22:50:00,0.9720629,0.0,104.6661656,5.6
2015-01-06 23:00:00,0.0,0.0,104.6661656,5.6
2015-01-06 23:10:00,0.0,0.0,104.6661656,5.6
2015-01-06 23:20:00,0.0,0.0,104.6661656,5.6
2015-01-06 23:30:00,1.044739,0.0,105.7109046,5.6
2015-01-06 23:40:00,0.0,0.0,105.7109046,5.6
2015-01-06 23:50:00,0.0,0.0,105.7109046,5.6
2015-01-07 00:00:00,0.0,0.0,105.7109046,5.6
2015-01-07 00:10:00,1.2393489,0.0,106.9502535,5.6
2015-01-07 00:20:00,0.0,0.0,106.9502535,5.6
2015-01-07 00:30:00,0.7051046,0.0,107.6553581,5.6
2015-01-07 00:40:00,0.0,0.0,107.6553581,5.6
2015-01-07 00:50:00,1.6514094,0.0,109.3067675,5.6
2015-01-07 01:00:00,0.0,0.0,109.3067675,5.6
2015-01-07 01:10:00,1.1472831,0.0,110.4540506,5.6
2015-01-07 01:20:00,0.0,0.0,110.4540506,5.6
2015-01-07 01:30:00,2.4598782,0.0,112.91392880000001,5.6
2015-01-07 01:40:00,0.0,0.0,112.91392880000001,5.6
2015-01-07 01:50:00,0.6880195,0.0,113.6019483,5.6
2015-01-07 02:00:00,0.0,0.0,113.6019483,5.6
2015-01-07 02:10:00,1.114096,0.0,114.71604430000001,5.6
2015-01-07 02:20:00,0.0,0.0,114.71604430000001,5.6
2015-01-07 02:30:00,0.5982599,0.0,115.31430420000001,5.6
2015-01-07 02:40:00,0.0,0.0,115.31430420000001,5.6
2015-01-07 02:50:00,0.91843367,3.0,116.23273787000001,8.6
2015-01-07 03:00:00,0.0,0.0,116.23273787000001,8.6
2015-01-07 03:10:00,0.0,0.0,116.23273787000001,8.6
2015-01-07 03:20:00,0.0,0.0,116.23273787000001,8.6
2015-01-07 03:30:00,0.0,0.0,116.23273787000001,8.6
2015-01-07 03:40:00,0.0,0.0,116.23273787000001,8.6
2015-01-07 03:50:00,0.0,0.0,116.23273787000001,8.6
2015-01-07 04:00:00,0.0,0.0,116.23273787000001,8.6
2015-01-07 04:10:00,0.0,0.0,116.23273787000001,8.6
2015-01-07 04:20:00,0.0,0.0,116.23273787000001,8.6
2015-01-07 04:30:00,0.0,0.0,116.23273787000001,8.6
2015-01-07 04:40:00,0.0,0.0,116.23273787000001,8.6
2015-01-07 04:50:00,0.0,0.0,116.23273787000001,8.6
2015-01-07 05:00:00,0.0,0.0,116.23273787000001,8.6
2015-01-07 05:10:00,0.0,0.0,116.23273787000001,8.6
2015-01-07 05:20:00,0.0,0.0,116.23273787000001,8.6
2015-01-07 05:30:00,0.0,0.0,116.23273787000001,8.6
2015-01-07 05:40:00,0.0,0.0,116.23273787000001,8.6
2015-01-07 05:50:00,0.0,0.0,116.23273787000001,8.6
2015-01-07 06:00:00,0.0,0.0,116.23273787000001,8.6
2015-01-07 06:10:00,0.0,0.0,116.23273787000001,8.6
2015-01-07 06:20:00,0.0,0.0,116.23273787000001,8.6
2015-01-07 06:30:00,0.0,0.0,116.23273787000001,8.6
2015-01-07 06:40:00,0.0,0.0,116.23273787000001,8.6
2015-01-07 06:50:00,0.0,0.0,116.23273787000001,8.6
2015-01-07 07:00:00,0.0,0.0,116.23273787000001,8.6
2015-01-07 07:10:00,0.0,0.0,116.23273787000001,8.6
2015-01-07 07:20:00,0.0,0.0,116.23273787000001,8.6
2015-01-07 07:30:00,0.0,0.0,116.23273787000001,8.6
2015-01-07 07:40:00,0.0,0.0,116.23273787000001,8.6
2015-01-07 07:50:00,0.90642637,0.0,117.13916424000001,8.6
2015-01-07 08:00:00,0.0,0.0,117.13916424000001,8.6
2015-01-07 08:10:00,0.77741843,0.0,117.91658267000001,8.6
2015-01-07 08:20:00,0.0,0.0,117.91658267000001,8.6
2015-01-07 08:30:00,0.6362384,0.0,118.55282107000001,8.6
2015-01-07 08:40:00,0.0,0.0,118.55282107000001,8.6
2015-01-07 08:50:00,1.3394861,0.0,119.89230717000001,8.6
2015-01-07 09:00:00,0.0,0.0,119.89230717000001,8.6
2015-01-07 09:10:00,0.7836337,0.0,120.67594087,8.6
2015-01-07 09:20:00,0.0,0.0,120.67594087,8.6
2015-01-07 09:30:00,1.929997,0.0,122.60593787,8.6
2015-01-07 09:40:00,0.0,0.0,122.60593787,8.6
2015-01-07 09:50:00,0.0,0.0,122.60593787,8.6
2015-01-07 10:00:00,0.0,0.0,122.60593787,8.6
2015-01-07 10:10:00,1.5892392,0.0,124.19517707,8.6
2015-01-07 10:20:00,0.0,0.0,124.19517707,8.6
2015-01-07 10:30:00,0.7661498,0.0,124.96132687,8.6
2015-01-07 10:40:00,0.0,0.0,124.96132687,8.6
2015-01-07 10:50:00,1.1066552,0.0,126.06798207,8.6
2015-01-07 11:00:00,0.0,0.0,126.06798207,8.6
2015-01-07 11:10:00,0.0,0.0,126.06798207,8.6
2015-01-07 11:20:00,0.0,0.0,126.06798207,8.6
2015-01-07 11:30:00,0.5874934,0.0,126.65547547,8.6
2015-01-07 11:40:00,0.0,0.0,126.65547547,8.6
2015-01-07 11:50:00,0.0,0.0,126.65547547,8.6
2015-01-07 12:00:00,0.0,0.0,126.65547547,8.6
2015-01-07 12:10:00,0.52953994,0.0,127.18501541,8.6
2015-01-07 12:20:00,0.0,0.0,127.18501541,8.6
2015-01-07 12:30:00,0.0,0.0,127.18501541,8.6
2015-01-07 12:40:00,0.0,0.0,127.18501541,8.6
2015-01-07 12:50:00,0.0,0.0,127.18501541,8.6
2015-01-07 13:00:00,0.0,0.0,127.18501541,8.6
2015-01-07 13:10:00,0.0,0.0,127.18501541,8.6
2015-01-07 13:20:00,0.0,0.0,127.18501541,8.6
2015-01-07 13:30:00,0.6468702,0.0,127.83188561,8.6
2015-01-07 13:40:00,0.0,0.0,127.83188561,8.6
2015-01-07 13:50:00,0.0,0.0,127.83188561,8.6
2015-01-07 14:00:00,0.0,0.0,127.83188561,8.6
2015-01-07 14:10:00,0.0,0.0,127.83188561,8.6
2015-01-07 14:20:00,0.0,0.0,127.83188561,8.6
2015-01-07 14:30:00,0.0,0.0,127.83188561,8.6
2015-01-07 14:40:00,0.0,0.0,127.83188561,8.6
2015-01-07 14:50:00,0.0,0.0,127.83188561,8.6
2015-01-07 15:00:00,0.0,0.0,127.83188561,8.6
2015-01-07 15:10:00,0.0,0.0,127.83188561,8.6
2015-01-07 15:20:00,0.0,0.0,127.83188561,8.6
2015-01-07 15:30:00,0.0,0.0,127.83188561,8.6
2015-01-07 15:40:00,0.0,0.0,127.83188561,8.6
2015-01-07 15:50:00,0.0,0.0,127.83188561,8.6
2015-01-07 16:00:00,0.0,0.0,127.83188561,8.6
2015-01-07 16:10:00,0.0,0.0,127.83188561,8.6
2015-01-07 16:20:00,0.0,0.0,127.83188561,8.6
2015-01-07 16:30:00,0.0,0.0,127.83188561,8.6
2015-01-07 16:40:00,0.0,0.0,127.83188561,8.6
2015-01-07 16:50:00,0.0,0.0,127.83188561,8.6
2015-01-07 17:00:00,0.0,0.0,127.83188561,8.6
2015-01-07 17:10:00,0.0,0.0,127.83188561,8.6
2015-01-07 17:20:00,0.0,0.0,127.83188561,8.6
2015-01-07 17:30:00,0.90899754,0.0,128.74088315,8.6
2015-01-07 17:40:00,0.0,0.0,128.74088315,8.6
2015-01-07 17:50:00,0.0,0.0,128.74088315,8.6
2015-01-07 18:00:00,0.0,0.0,128.74088315,8.6
2015-01-07 18:10:00,0.78022254,0.0,129.52110569,8.6
2015-01-07 18:20:00,0.0,0.0,129.52110569,8.6
2015-01-07 18:30:00,0.0,0.0,129.52110569,8.6
2015-01-07 18:40:00,0.67794573,0.0,130.19905142000002,8.6
2015-01-07 18:50:00,0.8793824,0.0,131.07843382000001,8.6
2015-01-07 19:00:00,0.0,0.0,131.07843382000001,8.6
2015-01-07 19:10:00,0.0,0.0,131.07843382000001,8.6
2015-01-07 19:20:00,0.0,0.0,131.07843382000001,8.6
2015-01-07 19:30:00,1.6064609,0.0,132.68489472000002,8.6
2015-01-07 19:40:00,0.0,1.1,132.68489472000002,9.7
2015-01-07 19:50:00,0.0,1.4,132.68489472000002,11.1
2015-01-07 20:00:00,0.0,0.0,132.68489472000002,11.1
2015-01-07 20:10:00,0.89330244,0.0,133.57819716000003,11.1
2015-01-07 20:20:00,0.0,0.0,133.57819716000003,11.1
2015-01-07 20:30:00,0.0,0.0,133.57819716000003,11.1
2015-01-07 20:40:00,0.0,0.0,133.57819716000003,11.1
2015-01-07 20:50:00,0.0,0.0,133.57819716000003,11.1
2015-01-07 21:00:00,0.0,0.0,133.57819716000003,11.1
2015-01-07 21:10:00,0.0,0.0,133.57819716000003,11.1
2015-01-07 21:20:00,0.0,0.0,133.57819716000003,11.1
2015-01-07 21:30:00,0.0,0.0,133.57819716000003,11.1
2015-01-07 21:40:00,0.0,0.0,133.57819716000003,11.1
2015-01-07 21:50:00,0.0,0.0,133.57819716000003,11.1
2015-01-07 22:00:00,0.0,0.0,133.57819716000003,11.1
2015-01-07 22:10:00,0.0,0.0,133.57819716000003,11.1
2015-01-07 22:20:00,0.0,0.0,133.57819716000003,11.1
2015-01-07 22:30:00,0.0,0.0,133.57819716000003,11.1
2015-01-07 22:40:00,0.0,0.0,133.57819716000003,11.1
2015-01-07 22:50:00,0.0,0.0,133.57819716000003,11.1
2015-01-07 23:00:00,0.0,0.0,133.57819716000003,11.1
2015-01-07 23:10:00,0.0,0.0,133.57819716000003,11.1
2015-01-07 23:20:00,0.0,0.0,133.57819716000003,11.1
2015-01-07 23:30:00,0.0,0.0,133.57819716000003,11.1
2015-01-07 23:40:00,0.0,0.0,133.57819716000003,11.1
2015-01-07 23:50:00,0.0,0.0,133.57819716000003,11.1
2015-01-08 00:00:00,0.0,0.0,133.57819716000003,11.1
2015-01-08 00:10:00,0.0,0.0,133.57819716000003,11.1
2015-01-08 00:20:00,0.0,0.0,133.57819716000003,11.1
2015-01-08 00:30:00,0.0,0.0,133.57819716000003,11.1
2015-01-08 00:40:00,0.0,0.0,133.57819716000003,11.1
2015-01-08 00:50:00,0.0,0.0,133.57819716000003,11.1
2015-01-08 01:00:00,0.0,0.0,133.57819716000003,11.1
2015-01-08 01:10:00,0.0,0.0,133.57819716000003,11.1
2015-01-08 01:20:00,0.0,0.0,133.57819716000003,11.1
2015-01-08 01:30:00,0.0,0.0,133.57819716000003,11.1
2015-01-08 01:40:00,0.0,0.0,133.57819716000003,11.1
2015-01-08 01:50:00,0.0,0.0,133.57819716000003,11.1
2015-01-08 02:00:00,0.0,0.0,133.57819716000003,11.1
2015-01-08 02:10:00,0.0,0.0,133.57819716000003,11.1
2015-01-08 02:20:00,0.0,0.0,133.57819716000003,11.1
2015-01-08 02:30:00,0.0,0.0,133.57819716000003,11.1
2015-01-08 02:40:00,0.0,0.0,133.57819716000003,11.1
2015-01-08 02:50:00,0.0,0.0,133.57819716000003,11.1
2015-01-08 03:00:00,0.0,0.0,133.57819716000003,11.1
2015-01-08 03:10:00,0.0,0.0,133.57819716000003,11.1
2015-01-08 03:20:00,0.0,0.0,133.57819716000003,11.1
2015-01-08 03:30:00,0.0,0.0,133.57819716000003,11.1
2015-01-08 03:40:00,0.0,0.0,133.57819716000003,11.1
2015-01-08 03:50:00,0.0,0.0,133.57819716000003,11.1
2015-01-08 04:00:00,0.0,0.0,133.57819716000003,11.1
2015-01-08 04:10:00,0.0,0.0,133.57819716000003,11.1
2015-01-08 04:20:00,0.0,0.0,133.57819716000003,11.1
2015-01-08 04:30:00,0.0,0.0,133.57819716000003,11.1
2015-01-08 04:40:00,0.0,0.0,133.57819716000003,11.1
2015-01-08 04:50:00,0.0,0.0,133.57819716000003,11.1
2015-01-08 05:00:00,0.0,0.0,133.57819716000003,11.1
2015-01-08 05:10:00,0.0,0.0,133.57819716000003,11.1
2015-01-08 05:20:00,0.0,0.0,133.57819716000003,11.1
2015-01-08 05:30:00,0.0,0.0,133.57819716000003,11.1
2015-01-08 05:40:00,0.0,0.0,133.57819716000003,11.1
2015-01-08 05:50:00,0.0,0.0,133.57819716000003,11.1
2015-01-08 06:00:00,0.52705,0.0,134.10524716000003,11.1
2015-01-08 06:10:00,0.6188428,0.0,134.72408996000004,11.1
2015-01-08 06:20:00,0.0,0.0,134.72408996000004,11.1
2015-01-08 06:30:00,0.5506942,0.0,135.27478416000005,11.1
2015-01-08 06:40:00,0.0,0.0,135.27478416000005,11.1
2015-01-08 06:50:00,0.74740994,0.0,136.02219410000006,11.1
2015-01-08 07:00:00,0.0,0.0,136.02219410000006,11.1
2015-01-08 07:10:00,0.0,0.0,136.02219410000006,11.1
2015-01-08 07:20:00,0.0,0.0,136.02219410000006,11.1
2015-01-08 07:30:00,1.2445793,0.0,137.26677340000006,11.1
2015-01-08 07:40:00,0.0,0.0,137.26677340000006,11.1
2015-01-08 07:50:00,0.0,0.0,137.26677340000006,11.1
2015-01-08 08:00:00,0.0,0.0,137.26677340000006,11.1
2015-01-08 08:10:00,1.1305403,0.0,138.39731370000007,11.1
2015-01-08 08:20:00,0.0,0.0,138.39731370000007,11.1
2015-01-08 08:30:00,0.8082246,0.0,139.20553830000006,11.1
2015-01-08 08:40:00,0.0,0.0,139.20553830000006,11.1
2015-01-08 08:50:00,1.9565607,0.0,141.16209900000007,11.1
2015-01-08 09:00:00,0.0,0.0,141.16209900000007,11.1
2015-01-08 09:10:00,0.0,0.0,141.16209900000007,11.1
2015-01-08 09:20:00,0.0,0.0,141.16209900000007,11.1
2015-01-08 09:30:00,1.5228243,0.0,142.68492330000007,11.1
2015-01-08 09:40:00,0.0,0.0,142.68492330000007,11.1
2015-01-08 09:50:00,0.94230044,0.0,143.62722374000006,11.1
2015-01-08 10:00:00,0.0,0.0,143.62722374000006,11.1
2015-01-08 10:10:00,1.2223786,0.0,144.84960234000008,11.1
2015-01-08 10:20:00,0.0,0.0,144.84960234000008,11.1
2015-01-08 10:30:00,0.6003634,0.0,145.44996574000007,11.1
2015-01-08 10:40:00,0.5777315,0.0,146.02769724000007,11.1
2015-01-08 10:50:00,1.3101346,0.0,147.33783184000006,11.1
2015-01-08 11:00:00,0.0,0.0,147.33783184000006,11.1
2015-01-08 11:10:00,0.0,0.0,147.33783184000006,11.1
2015-01-08 11:20:00,0.0,0.0,147.33783184000006,11.1
2015-01-08 11:30:00,0.0,0.0,147.33783184000006,11.1
2015-01-08 11:40:00,0.0,0.0,147.33783184000006,11.1
2015-01-08 11:50:00,0.0,0.0,147.33783184000006,11.1
2015-01-08 12:00:00,0.0,0.0,147.33783184000006,11.1
2015-01-08 12:10:00,0.0,0.0,147.33783184000006,11.1
2015-01-08 12:20:00,0.0,0.0,147.33783184000006,11.1
2015-01-08 12:30:00,0.0,0.0,147.33783184000006,11.1
2015-01-08 12:40:00,0.0,0.0,147.33783184000006,11.1
2015-01-08 12:50:00,0.0,0.0,147.33783184000006,11.1
2015-01-08 13:00:00,0.0,0.0,147.33783184000006,11.1
2015-01-08 13:10:00,0.0,0.0,147.33783184000006,11.1
2015-01-08 13:20:00,0.0,0.0,147.33783184000006,11.1
2015-01-08 13:30:00,0.0,0.0,147.33783184000006,11.1
2015-01-08 13:40:00,0.0,0.0,147.33783184000006,11.1
2015-01-08 13:50:00,0.0,0.0,147.33783184000006,11.1
2015-01-08 14:00:00,0.0,0.0,147.33783184000006,11.1
2015-01-08 14:10:00,0.0,0.0,147.33783184000006,11.1
2015-01-08 14:20:00,0.0,0.0,147.33783184000006,11.1
2015-01-08 14:30:00,0.0,0.0,147.33783184000006,11.1
2015-01-08 14:40:00,0.0,0.0,147.33783184000006,11.1
2015-01-08 14:50:00,0.0,0.0,147.33783184000006,11.1
2015-01-08 15:00:00,0.0,0.0,147.33783184000006,11.1
2015-01-08 15:10:00,0.0,0.0,147.33783184000006,11.1
2015-01-08 15:20:00,0.0,0.0,147.33783184000006,11.1
2015-01-08 15:30:00,0.0,0.0,147.33783184000006,11.1
2015-01-08 15:40:00,0.0,0.0,147.33783184000006,11.1
2015-01-08 15:50:00,0.0,0.0,147.33783184000006,11.1
2015-01-08 16:00:00,1.0576069,0.0,148.39543874000006,11.1
2015-01-08 16:10:00,0.0,0.0,148.39543874000006,11.1
2015-01-08 16:20:00,0.0,0.0,148.39543874000006,11.1
2015-01-08 16:30:00,0.0,0.0,148.39543874000006,11.1
2015-01-08 16:40:00,0.0,0.0,148.39543874000006,11.1
2015-01-08 16:50:00,0.0,0.0,148.39543874000006,11.1
2015-01-08 17:00:00,0.0,0.0,148.39543874000006,11.1
2015-01-08 17:10:00,0.0,0.0,148.39543874000006,11.1
2015-01-08 17:20:00,0.0,0.0,148.39543874000006,11.1
2015-01-08 17:30:00,1.3650888,0.0,149.76052754000006,11.1
2015-01-08 17:40:00,0.0,0.0,149.76052754000006,11.1
2015-01-08 17:50:00,0.0,0.0,149.76052754000006,11.1
2015-01-08 18:00:00,0.0,0.0,149.76052754000006,11.1
2015-01-08 18:10:00,0.9837743,0.0,150.74430184000005,11.1
2015-01-08 18:20:00,0.0,0.0,150.74430184000005,11.1
2015-01-08 18:30:00,0.5150166,0.0,151.25931844000004,11.1
2015-01-08 18:40:00,0.0,0.0,151.25931844000004,11.1
2015-01-08 18:50:00,1.0801499,0.0,152.33946834000005,11.1
2015-01-08 19:00:00,0.0,0.0,152.33946834000005,11.1
2015-01-08 19:10:00,0.0,0.0,152.33946834000005,11.1
2015-01-08 19:20:00,0.0,0.0,152.33946834000005,11.1
2015-01-08 19:30:00,0.7611566,0.0,153.10062494000005,11.1
2015-01-08 19:40:00,0.0,0.0,153.10062494000005,11.1
2015-01-08 19:50:00,0.0,0.0,153.10062494000005,11.1
2015-01-08 20:00:00,0.0,0.0,153.10062494000005,11.1
2015-01-08 20:10:00,0.0,0.0,153.10062494000005,11.1
2015-01-08 20:20:00,0.0,0.0,153.10062494000005,11.1
2015-01-08 20:30:00,0.0,0.0,153.10062494000005,11.1
2015-01-08 20:40:00,0.0,0.0,153.10062494000005,11.1
2015-01-08 20:50:00,0.0,0.0,153.10062494000005,11.1
2015-01-08 21:00:00,0.0,0.0,153.10062494000005,11.1
2015-01-08 21:10:00,0.0,0.0,153.10062494000005,11.1
2015-01-08 21:20:00,0.0,0.0,153.10062494000005,11.1
2015-01-08 21:30:00,0.0,0.0,153.10062494000005,11.1
2015-01-08 21:40:00,0.0,0.0,153.10062494000005,11.1
2015-01-08 21:50:00,0.0,0.0,153.10062494000005,11.1
2015-01-08 22:00:00,0.0,0.0,153.10062494000005,11.1
2015-01-08 22:10:00,0.0,0.0,153.10062494000005,11.1
2015-01-08 22:20:00,0.0,0.0,153.10062494000005,11.1
2015-01-08 22:30:00,0.0,0.0,153.10062494000005,11.1
2015-01-08 22:40:00,0.0,0.0,153.10062494000005,11.1
2015-01-08 22:50:00,0.0,0.0,153.10062494000005,11.1
2015-01-08 23:00:00,0.0,0.0,153.10062494000005,11.1
2015-01-08 23:10:00,0.0,0.0,153.10062494000005,11.1
2015-01-08 23:20:00,0.0,0.0,153.10062494000005,11.1
2015-01-08 23:30:00,0.0,0.0,153.10062494000005,11.1
2015-01-08 23:40:00,0.0,0.0,153.10062494000005,11.1
2015-01-08 23:50:00,0.0,0.0,153.10062494000005,11.1
2015-01-09 00:00:00,0.0,0.0,153.10062494000005,11.1
2015-01-09 00:10:00,0.0,0.0,153.10062494000005,11.1
2015-01-09 00:20:00,0.0,0.0,153.10062494000005,11.1
2015-01-09 00:30:00,0.0,0.0,153.10062494000005,11.1
2015-01-09 00:40:00,0.0,0.0,153.10062494000005,11.1
2015-01-09 00:50:00,0.0,0.0,153.10062494000005,11.1
2015-01-09 01:00:00,0.0,0.0,153.10062494000005,11.1
2015-01-09 01:10:00,0.0,0.0,153.10062494000005,11.1
2015-01-09 01:20:00,0.0,0.0,153.10062494000005,11.1
2015-01-09 01:30:00,0.0,0.0,153.10062494000005,11.1
2015-01-09 01:40:00,0.0,0.0,153.10062494000005,11.1
2015-01-09 01:50:00,0.0,0.0,153.10062494000005,11.1
2015-01-09 02:00:00,0.0,0.0,153.10062494000005,11.1
2015-01-09 02:10:00,0.0,0.0,153.10062494000005,11.1
2015-01-09 02:20:00,0.0,0.0,153.10062494000005,11.1
2015-01-09 02:30:00,0.0,0.0,153.10062494000005,11.1
2015-01-09 02:40:00,0.0,0.0,153.10062494000005,11.1
2015-01-09 02:50:00,0.0,0.0,153.10062494000005,11.1
2015-01-09 03:00:00,0.0,0.0,153.10062494000005,11.1
2015-01-09 03:10:00,0.0,0.0,153.10062494000005,11.1
2015-01-09 03:20:00,0.0,0.0,153.10062494000005,11.1
2015-01-09 03:30:00,0.0,0.0,153.10062494000005,11.1
2015-01-09 03:40:00,0.0,0.0,153.10062494000005,11.1
2015-01-09 03:50:00,0.0,0.0,153.10062494000005,11.1
2015-01-09 04:00:00,0.0,0.0,153.10062494000005,11.1
2015-01-09 04:10:00,0.0,0.0,153.10062494000005,11.1
2015-01-09 04:20:00,0.0,0.0,153.10062494000005,11.1
2015-01-09 04:30:00,0.0,0.0,153.10062494000005,11.1
2015-01-09 04:40:00,0.0,0.0,153.10062494000005,11.1
2015-01-09 04:50:00,0.51450276,0.0,153.61512770000004,11.1
2015-01-09 05:00:00,0.0,0.0,153.61512770000004,11.1
2015-01-09 05:10:00,0.0,0.0,153.61512770000004,11.1
2015-01-09 05:20:00,0.0,0.0,153.61512770000004,11.1
2015-01-09 05:30:00,0.7868958,0.0,154.40202350000004,11.1
2015-01-09 05:40:00,0.0,0.0,154.40202350000004,11.1
2015-01-09 05:50:00,0.0,0.0,154.40202350000004,11.1
2015-01-09 06:00:00,0.0,0.0,154.40202350000004,11.1
2015-01-09 06:10:00,0.0,0.0,154.40202350000004,11.1
2015-01-09 06:20:00,0.0,0.0,154.40202350000004,11.1
2015-01-09 06:30:00,0.0,0.0,154.40202350000004,11.1
2015-01-09 06:40:00,0.0,0.0,154.40202350000004,11.1
2015-01-09 06:50:00,0.8802602,0.0,155.28228370000005,11.1
2015-01-09 07:00:00,0.0,0.0,155.28228370000005,11.1
2015-01-09 07:10:00,0.0,0.0,155.28228370000005,11.1
2015-01-09 07:20:00,0.0,0.0,155.28228370000005,11.1
2015-01-09 07:30:00,0.56454843,0.0,155.84683213000005,11.1
2015-01-09 07:40:00,0.0,0.0,155.84683213000005,11.1
2015-01-09 07:50:00,0.0,0.0,155.84683213000005,11.1
2015-01-09 08:00:00,0.0,0.0,155.84683213000005,11.1
2015-01-09 08:10:00,0.0,0.0,155.84683213000005,11.1
2015-01-09 08:20:00,0.0,0.0,155.84683213000005,11.1
2015-01-09 08:30:00,0.0,0.0,155.84683213000005,11.1
2015-01-09 08:40:00,0.0,0.0,155.84683213000005,11.1
2015-01-09 08:50:00,0.0,0.0,155.84683213000005,11.1
2015-01-09 09:00:00,0.0,0.0,155.84683213000005,11.1
2015-01-09 09:10:00,0.0,0.0,155.84683213000005,11.1
2015-01-09 09:20:00,0.0,0.0,155.84683213000005,11.1
2015-01-09 09:30:00,0.0,0.0,155.84683213000005,11.1
2015-01-09 09:40:00,0.0,0.0,155.84683213000005,11.1
2015-01-09 09:50:00,0.0,0.0,155.84683213000005,11.1
2015-01-09 10:00:00,0.0,0.0,155.84683213000005,11.1
2015-01-09 10:10:00,0.0,0.0,155.84683213000005,11.1
2015-01-09 10:20:00,0.0,0.0,155.84683213000005,11.1
2015-01-09 10:30:00,0.0,0.0,155.84683213000005,11.1
2015-01-09 10:40:00,0.0,0.0,155.84683213000005,11.1
2015-01-09 10:50:00,0.0,0.0,155.84683213000005,11.1
2015-01-09 11:00:00,0.0,0.0,155.84683213000005,11.1
2015-01-09 11:10:00,0.0,0.0,155.84683213000005,11.1
2015-01-09 11:20:00,0.0,0.0,155.84683213000005,11.1
2015-01-09 11:30:00,0.0,0.0,155.84683213000005,11.1
2015-01-09 11:40:00,0.0,0.0,155.84683213000005,11.1
2015-01-09 11:50:00,0.0,0.0,155.84683213000005,11.1
2015-01-09 12:00:00,0.0,0.0,155.84683213000005,11.1
2015-01-09 12:10:00,0.0,0.0,155.84683213000005,11.1
2015-01-09 12:20:00,0.0,0.0,155.84683213000005,11.1
2015-01-09 12:30:00,0.0,0.0,155.84683213000005,11.1
2015-01-09 12:40:00,0.0,0.0,155.84683213000005,11.1
2015-01-09 12:50:00,0.6313005,0.0,156.47813263000006,11.1
2015-01-09 13:00:00,0.0,0.0,156.47813263000006,11.1
2015-01-09 13:10:00,0.0,0.0,156.47813263000006,11.1
2015-01-09 13:20:00,0.6178348,0.0,157.09596743000006,11.1
2015-01-09 13:30:00,1.303042,0.0,158.39900943000006,11.1
2015-01-09 13:40:00,0.0,0.0,158.39900943000006,11.1
2015-01-09 13:50:00,0.5424205,0.0,158.94142993000006,11.1
2015-01-09 14:00:00,0.0,0.0,158.94142993000006,11.1
2015-01-09 14:10:00,0.936271,0.0,159.87770093000006,11.1
2015-01-09 14:20:00,0.0,0.0,159.87770093000006,11.1
2015-01-09 14:30:00,0.0,0.0,159.87770093000006,11.1
2015-01-09 14:40:00,0.0,0.0,159.87770093000006,11.1
2015-01-09 14:50:00,0.95147204,0.0,160.82917297000006,11.1
2015-01-09 15:00:00,0.0,0.0,160.82917297000006,11.1
2015-01-09 15:10:00,0.0,0.0,160.82917297000006,11.1
2015-01-09 15:20:00,0.0,0.0,160.82917297000006,11.1
2015-01-09 15:30:00,1.2003119,0.0,162.02948487000006,11.1
2015-01-09 15:40:00,0.0,0.0,162.02948487000006,11.1
2015-01-09 15:50:00,0.0,0.0,162.02948487000006,11.1
2015-01-09 16:00:00,0.0,0.0,162.02948487000006,11.1
2015-01-09 16:10:00,1.0527228,0.0,163.08220767000006,11.1
2015-01-09 16:20:00,0.0,0.0,163.08220767000006,11.1
2015-01-09 16:30:00,0.6709133,0.0,163.75312097000005,11.1
2015-01-09 16:40:00,0.0,0.0,163.75312097000005,11.1
2015-01-09 16:50:00,1.4027494,0.0,165.15587037000006,11.1
2015-01-09 17:00:00,0.0,0.0,165.15587037000006,11.1
2015-01-09 17:10:00,0.0,0.0,165.15587037000006,11.1
2015-01-09 17:20:00,0.0,0.0,165.15587037000006,11.1
2015-01-09 17:30:00,0.74665874,0.0,165.90252911000005,11.1
2015-01-09 17:40:00,0.0,0.0,165.90252911000005,11.1
2015-01-09 17:50:00,0.0,0.0,165.90252911000005,11.1
2015-01-09 18:00:00,0.0,0.0,165.90252911000005,11.1
2015-01-09 18:10:00,0.0,0.0,165.90252911000005,11.1
2015-01-09 18:20:00,0.0,0.0,165.90252911000005,11.1
2015-01-09 18:30:00,0.0,0.0,165.90252911000005,11.1
2015-01-09 18:40:00,0.0,0.0,165.90252911000005,11.1
2015-01-09 18:50:00,0.6454948,0.0,166.54802391000004,11.1
2015-01-09 19:00:00,0.0,0.0,166.54802391000004,11.1
2015-01-09 19:10:00,0.0,0.0,166.54802391000004,11.1
2015-01-09 19:20:00,0.0,0.0,166.54802391000004,11.1
2015-01-09 19:30:00,0.0,0.0,166.54802391000004,11.1
2015-01-09 19:40:00,0.0,0.0,166.54802391000004,11.1
2015-01-09 19:50:00,0.0,0.0,166.54802391000004,11.1
2015-01-09 20:00:00,0.0,0.0,166.54802391000004,11.1
2015-01-09 20:10:00,0.0,0.0,166.54802391000004,11.1
2015-01-09 20:20:00,0.0,0.0,166.54802391000004,11.1
2015-01-09 20:30:00,0.0,0.0,166.54802391000004,11.1
2015-01-09 20:40:00,0.0,0.0,166.54802391000004,11.1
2015-01-09 20:50:00,0.0,0.0,166.54802391000004,11.1
2015-01-09 21:00:00,0.0,0.0,166.54802391000004,11.1
2015-01-09 21:10:00,0.0,0.0,166.54802391000004,11.1
2015-01-09 21:20:00,0.0,0.0,166.54802391000004,11.1
2015-01-09 21:30:00,0.0,0.0,166.54802391000004,11.1
2015-01-09 21:40:00,0.0,0.0,166.54802391000004,11.1
2015-01-09 21:50:00,0.0,0.0,166.54802391000004,11.1
2015-01-09 22:00:00,0.0,0.0,166.54802391000004,11.1
2015-01-09 22:10:00,0.0,0.0,166.54802391000004,11.1
2015-01-09 22:20:00,0.0,0.0,166.54802391000004,11.1
2015-01-09 22:30:00,0.0,0.0,166.54802391000004,11.1
2015-01-09 22:40:00,0.0,0.0,166.54802391000004,11.1
2015-01-09 22:50:00,0.0,0.0,166.54802391000004,11.1
2015-01-09 23:00:00,0.0,0.0,166.54802391000004,11.1
2015-01-09 23:10:00,0.0,0.0,166.54802391000004,11.1
2015-01-09 23:20:00,0.0,0.0,166.54802391000004,11.1
2015-01-09 23:30:00,0.0,0.0,166.54802391000004,11.1
2015-01-09 23:40:00,0.0,0.0,166.54802391000004,11.1
2015-01-09 23:50:00,0.0,0.0,166.54802391000004,11.1
2015-01-10 00:00:00,0.0,0.0,166.54802391000004,11.1
2015-01-10 00:10:00,0.0,0.0,166.54802391000004,11.1
2015-01-10 00:20:00,0.0,0.0,166.54802391000004,11.1
2015-01-10 00:30:00,0.0,0.0,166.54802391000004,11.1
2015-01-10 00:40:00,0.0,0.0,166.54802391000004,11.1
2015-01-10 00:50:00,0.0,0.0,166.54802391000004,11.1
2015-01-10 01:00:00,0.0,0.0,166.54802391000004,11.1
2015-01-10 01:10:00,0.0,0.0,166.54802391000004,11.1
2015-01-10 01:20:00,0.0,0.0,166.54802391000004,11.1
2015-01-10 01:30:00,0.0,0.0,166.54802391000004,11.1
2015-01-10 01:40:00,0.0,0.0,166.54802391000004,11.1
2015-01-10 01:50:00,0.0,0.0,166.54802391000004,11.1
2015-01-10 02:00:00,0.0,0.0,166.54802391000004,11.1
2015-01-10 02:10:00,0.9664265,0.0,167.51445041000005,11.1
2015-01-10 02:20:00,0.0,0.0,167.51445041000005,11.1
2015-01-10 02:30:00,0.0,0.0,167.51445041000005,11.1
2015-01-10 02:40:00,0.0,0.0,167.51445041000005,11.1
2015-01-10 02:50:00,0.0,0.0,167.51445041000005,11.1
2015-01-10 03:00:00,0.0,0.0,167.51445041000005,11.1
2015-01-10 03:10:00,0.0,0.0,167.51445041000005,11.1
2015-01-10 03:20:00,0.0,0.0,167.51445041000005,11.1
2015-01-10 03:30:00,0.7179869,0.0,168.23243731000005,11.1
2015-01-10 03:40:00,0.0,0.0,168.23243731000005,11.1
2015-01-10 03:50:00,0.0,0.0,168.23243731000005,11.1
2015-01-10 04:00:00,0.0,0.0,168.23243731000005,11.1
2015-01-10 04:10:00,0.8200393,0.0,169.05247661000004,11.1
2015-01-10 04:20:00,0.0,0.0,169.05247661000004,11.1
2015-01-10 04:30:00,0.66423523,0.0,169.71671184000004,11.1
2015-01-10 04:40:00,0.0,0.0,169.71671184000004,11.1
2015-01-10 04:50:00,1.3156036,0.0,171.03231544000005,11.1
2015-01-10 05:00:00,0.0,0.0,171.03231544000005,11.1
2015-01-10 05:10:00,0.0,0.0,171.03231544000005,11.1
2015-01-10 05:20:00,0.6257452,0.0,171.65806064000006,11.1
2015-01-10 05:30:00,1.3651326,0.0,173.02319324000007,11.1
2015-01-10 05:40:00,0.0,0.0,173.02319324000007,11.1
2015-01-10 05:50:00,0.0,0.0,173.02319324000007,11.1
2015-01-10 06:00:00,0.0,0.0,173.02319324000007,11.1
2015-01-10 06:10:00,0.0,0.0,173.02319324000007,11.1
2015-01-10 06:20:00,0.0,0.0,173.02319324000007,11.1
2015-01-10 06:30:00,0.0,0.0,173.02319324000007,11.1
2015-01-10 06:40:00,0.0,0.0,173.02319324000007,11.1
2015-01-10 06:50:00,0.0,0.0,173.02319324000007,11.1
2015-01-10 07:00:00,0.0,0.0,173.02319324000007,11.1
2015-01-10 07:10:00,0.0,0.0,173.02319324000007,11.1
2015-01-10 07:20:00,0.0,0.0,173.02319324000007,11.1
2015-01-10 07:30:00,0.0,0.0,173.02319324000007,11.1
2015-01-10 07:40:00,0.0,0.0,173.02319324000007,11.1
2015-01-10 07:50:00,0.0,0.0,173.02319324000007,11.1
2015-01-10 08:00:00,0.0,0.0,173.02319324000007,11.1
2015-01-10 08:10:00,0.0,0.0,173.02319324000007,11.1
2015-01-10 08:20:00,0.0,0.0,173.02319324000007,11.1
2015-01-10 08:30:00,0.0,0.0,173.02319324000007,11.1
2015-01-10 08:40:00,0.0,0.0,173.02319324000007,11.1
2015-01-10 08:50:00,0.0,0.0,173.02319324000007,11.1
2015-01-10 09:00:00,0.0,0.0,173.02319324000007,11.1
2015-01-10 09:10:00,0.0,0.0,173.02319324000007,11.1
2015-01-10 09:20:00,0.0,0.0,173.02319324000007,11.1
2015-01-10 09:30:00,0.0,0.0,173.02319324000007,11.1
2015-01-10 09:40:00,0.0,0.0,173.02319324000007,11.1
2015-01-10 09:50:00,0.0,0.0,173.02319324000007,11.1
2015-01-10 10:00:00,0.0,0.0,173.02319324000007,11.1
2015-01-10 10:10:00,0.53682405,0.0,173.56001729000008,11.1
2015-01-10 10:20:00,0.0,0.0,173.56001729000008,11.1
2015-01-10 10:30:00,0.0,0.0,173.56001729000008,11.1
2015-01-10 10:40:00,0.0,0.0,173.56001729000008,11.1
2015-01-10 10:50:00,0.0,0.0,173.56001729000008,11.1
2015-01-10 11:00:00,0.0,0.0,173.56001729000008,11.1
2015-01-10 11:10:00,0.0,0.0,173.56001729000008,11.1
2015-01-10 11:20:00,0.0,0.0,173.56001729000008,11.1
2015-01-10 11:30:00,0.0,0.0,173.56001729000008,11.1
2015-01-10 11:40:00,0.0,0.0,173.56001729000008,11.1
2015-01-10 11:50:00,0.0,0.0,173.56001729000008,11.1
2015-01-10 12:00:00,0.0,0.0,173.56001729000008,11.1
2015-01-10 12:10:00,0.0,0.0,173.56001729000008,11.1
2015-01-10 12:20:00,0.0,0.0,173.56001729000008,11.1
2015-01-10 12:30:00,0.0,0.0,173.56001729000008,11.1
2015-01-10 12:40:00,0.0,0.0,173.56001729000008,11.1
2015-01-10 12:50:00,0.0,0.0,173.56001729000008,11.1
2015-01-10 13:00:00,0.0,0.0,173.56001729000008,11.1
2015-01-10 13:10:00,0.0,0.0,173.56001729000008,11.1
2015-01-10 13:20:00,0.0,0.0,173.56001729000008,11.1
2015-01-10 13:30:00,0.0,0.0,173.56001729000008,11.1
2015-01-10 13:40:00,0.0,0.0,173.56001729000008,11.1
2015-01-10 13:50:00,0.0,0.0,173.56001729000008,11.1
2015-01-10 14:00:00,0.0,0.0,173.56001729000008,11.1
2015-01-10 14:10:00,0.0,0.0,173.56001729000008,11.1
2015-01-10 14:20:00,0.0,0.0,173.56001729000008,11.1
2015-01-10 14:30:00,0.0,0.0,173.56001729000008,11.1
2015-01-10 14:40:00,0.0,0.0,173.56001729000008,11.1
2015-01-10 14:50:00,0.0,0.0,173.56001729000008,11.1
2015-01-10 15:00:00,0.0,0.0,173.56001729000008,11.1
2015-01-10 15:10:00,0.0,0.0,173.56001729000008,11.1
2015-01-10 15:20:00,0.0,0.0,173.56001729000008,11.1
2015-01-10 15:30:00,0.0,0.0,173.56001729000008,11.1
2015-01-10 15:40:00,0.0,0.0,173.56001729000008,11.1
2015-01-10 15:50:00,0.0,0.0,173.56001729000008,11.1
2015-01-10 16:00:00,0.0,0.0,173.56001729000008,11.1
2015-01-10 16:10:00,0.0,0.0,173.56001729000008,11.1
2015-01-10 16:20:00,0.0,0.0,173.56001729000008,11.1
2015-01-10 16:30:00,0.0,0.0,173.56001729000008,11.1
2015-01-10 16:40:00,0.0,0.0,173.56001729000008,11.1
2015-01-10 16:50:00,0.0,0.0,173.56001729000008,11.1
2015-01-10 17:00:00,0.0,0.0,173.56001729000008,11.1
2015-01-10 17:10:00,0.0,0.0,173.56001729000008,11.1
2015-01-10 17:20:00,0.0,0.0,173.56001729000008,11.1
2015-01-10 17:30:00,0.0,0.0,173.56001729000008,11.1
2015-01-10 17:40:00,0.0,0.0,173.56001729000008,11.1
2015-01-10 17:50:00,0.0,0.0,173.56001729000008,11.1
2015-01-10 18:00:00,0.0,0.0,173.56001729000008,11.1
2015-01-10 18:10:00,0.0,0.0,173.56001729000008,11.1
2015-01-10 18:20:00,0.0,0.0,173.56001729000008,11.1
2015-01-10 18:30:00,0.0,0.0,173.56001729000008,11.1
2015-01-10 18:40:00,0.0,0.0,173.56001729000008,11.1
2015-01-10 18:50:00,0.0,0.0,173.56001729000008,11.1
2015-01-10 19:00:00,0.0,0.0,173.56001729000008,11.1
2015-01-10 19:10:00,0.0,0.0,173.56001729000008,11.1
2015-01-10 19:20:00,0.0,0.0,173.56001729000008,11.1
2015-01-10 19:30:00,0.0,0.0,173.56001729000008,11.1
2015-01-10 19:40:00,0.0,0.0,173.56001729000008,11.1
2015-01-10 19:50:00,0.0,0.0,173.56001729000008,11.1
2015-01-10 20:00:00,0.0,0.0,173.56001729000008,11.1
2015-01-10 20:10:00,0.0,0.0,173.56001729000008,11.1
2015-01-10 20:20:00,0.0,0.0,173.56001729000008,11.1
2015-01-10 20:30:00,0.0,0.0,173.56001729000008,11.1
2015-01-10 20:40:00,0.0,0.0,173.56001729000008,11.1
2015-01-10 20:50:00,0.0,0.0,173.56001729000008,11.1
2015-01-10 21:00:00,0.0,0.0,173.56001729000008,11.1
2015-01-10 21:10:00,0.0,0.0,173.56001729000008,11.1
2015-01-10 21:20:00,0.7264271,0.0,174.28644439000007,11.1
2015-01-10 21:30:00,0.78265053,0.0,175.06909492000008,11.1
2015-01-10 21:40:00,0.0,0.0,175.06909492000008,11.1
2015-01-10 21:50:00,0.0,0.0,175.06909492000008,11.1
2015-01-10 22:00:00,0.0,0.0,175.06909492000008,11.1
2015-01-10 22:10:00,0.90551364,0.0,175.9746085600001,11.1
2015-01-10 22:20:00,0.0,0.0,175.9746085600001,11.1
2015-01-10 22:30:00,0.0,0.0,175.9746085600001,11.1
2015-01-10 22:40:00,0.0,0.0,175.9746085600001,11.1
2015-01-10 22:50:00,0.67694896,0.0,176.6515575200001,11.1
2015-01-10 23:00:00,0.0,0.0,176.6515575200001,11.1
2015-01-10 23:10:00,0.0,0.0,176.6515575200001,11.1
2015-01-10 23:20:00,0.0,0.0,176.6515575200001,11.1
2015-01-10 23:30:00,0.0,1.4,176.6515575200001,12.5
2015-01-10 23:40:00,0.0,2.1,176.6515575200001,14.6
2015-01-10 23:50:00,0.0,0.0,176.6515575200001,14.6
2015-01-11 00:00:00,0.0,0.0,176.6515575200001,14.6
2015-01-11 00:10:00,0.87737936,0.0,177.5289368800001,14.6
2015-01-11 00:20:00,0.0,0.0,177.5289368800001,14.6
2015-01-11 00:30:00,0.73971933,0.0,178.2686562100001,14.6
2015-01-11 00:40:00,0.0,1.7,178.2686562100001,16.3
2015-01-11 00:50:00,0.0,1.1,178.2686562100001,17.400000000000002
2015-01-11 01:00:00,0.0,1.1,178.2686562100001,18.500000000000004
2015-01-11 01:10:00,0.67162806,0.0,178.9402842700001,18.500000000000004
2015-01-11 01:20:00,0.0,0.0,178.9402842700001,18.500000000000004
2015-01-11 01:30:00,1.401019,0.0,180.34130327000008,18.500000000000004
2015-01-11 01:40:00,0.0,0.0,180.34130327000008,18.500000000000004
2015-01-11 01:50:00,0.0,0.0,180.34130327000008,18.500000000000004
2015-01-11 02:00:00,0.0,1.1,180.34130327000008,19.600000000000005
2015-01-11 02:10:00,1.740724,0.0,182.08202727000008,19.600000000000005
2015-01-11 02:20:00,0.0,0.0,182.08202727000008,19.600000000000005
2015-01-11 02:30:00,0.5061954,0.0,182.58822267000008,19.600000000000005
2015-01-11 02:40:00,0.0,0.0,182.58822267000008,19.600000000000005
2015-01-11 02:50:00,0.5297783,0.0,183.11800097000008,19.600000000000005
2015-01-11 03:00:00,0.0,0.0,183.11800097000008,19.600000000000005
2015-01-11 03:10:00,0.0,0.0,183.11800097000008,19.600000000000005
2015-01-11 03:20:00,0.0,0.0,183.11800097000008,19.600000000000005
2015-01-11 03:30:00,0.0,0.0,183.11800097000008,19.600000000000005
2015-01-11 03:40:00,0.0,0.0,183.11800097000008,19.600000000000005
2015-01-11 03:50:00,0.0,0.0,183.11800097000008,19.600000000000005
2015-01-11 04:00:00,0.0,0.0,183.11800097000008,19.600000000000005
2015-01-11 04:10:00,0.0,0.0,183.11800097000008,19.600000000000005
2015-01-11 04:20:00,0.0,0.0,183.11800097000008,19.600000000000005
2015-01-11 04:30:00,0.0,0.0,183.11800097000008,19.600000000000005
2015-01-11 04:40:00,0.0,0.0,183.11800097000008,19.600000000000005
2015-01-11 04:50:00,0.0,0.0,183.11800097000008,19.600000000000005
2015-01-11 05:00:00,0.0,0.0,183.11800097000008,19.600000000000005
2015-01-11 05:10:00,0.0,0.0,183.11800097000008,19.600000000000005
2015-01-11 05:20:00,0.0,1.2,183.11800097000008,20.800000000000004
2015-01-11 05:30:00,0.0,0.0,183.11800097000008,20.800000000000004
2015-01-11 05:40:00,0.0,0.0,183.11800097000008,20.800000000000004
2015-01-11 05:50:00,0.0,0.0,183.11800097000008,20.800000000000004
2015-01-11 06:00:00,0.0,0.0,183.11800097000008,20.800000000000004
2015-01-11 06:10:00,0.0,0.0,183.11800097000008,20.800000000000004
2015-01-11 06:20:00,0.0,0.0,183.11800097000008,20.800000000000004
2015-01-11 06:30:00,0.0,0.0,183.11800097000008,20.800000000000004
2015-01-11 06:40:00,0.0,0.0,183.11800097000008,20.800000000000004
2015-01-11 06:50:00,0.0,0.0,183.11800097000008,20.800000000000004
2015-01-11 07:00:00,0.0,0.0,183.11800097000008,20.800000000000004
2015-01-11 07:10:00,0.0,0.0,183.11800097000008,20.800000000000004
2015-01-11 07:20:00,0.0,0.0,183.11800097000008,20.800000000000004
2015-01-11 07:30:00,0.0,0.0,183.11800097000008,20.800000000000004
2015-01-11 07:40:00,0.0,0.0,183.11800097000008,20.800000000000004
2015-01-11 07:50:00,0.0,0.0,183.11800097000008,20.800000000000004
2015-01-11 08:00:00,0.0,0.0,183.11800097000008,20.800000000000004
2015-01-11 08:10:00,0.71140265,0.0,183.82940362000008,20.800000000000004
2015-01-11 08:20:00,0.0,0.0,183.82940362000008,20.800000000000004
2015-01-11 08:30:00,0.0,0.0,183.82940362000008,20.800000000000004
2015-01-11 08:40:00,0.0,0.0,183.82940362000008,20.800000000000004
2015-01-11 08:50:00,0.56828123,0.0,184.39768485000008,20.800000000000004
2015-01-11 09:00:00,0.0,0.0,184.39768485000008,20.800000000000004
2015-01-11 09:10:00,0.0,0.0,184.39768485000008,20.800000000000004
2015-01-11 09:20:00,0.0,0.0,184.39768485000008,20.800000000000004
2015-01-11 09:30:00,0.9631726,0.0,185.36085745000008,20.800000000000004
2015-01-11 09:40:00,0.0,0.0,185.36085745000008,20.800000000000004
2015-01-11 09:50:00,0.0,0.0,185.36085745000008,20.800000000000004
2015-01-11 10:00:00,0.0,0.0,185.36085745000008,20.800000000000004
2015-01-11 10:10:00,0.67125577,0.0,186.03211322000007,20.800000000000004
2015-01-11 10:20:00,0.0,0.0,186.03211322000007,20.800000000000004
2015-01-11 10:30:00,0.0,0.0,186.03211322000007,20.800000000000004
2015-01-11 10:40:00,0.0,0.0,186.03211322000007,20.800000000000004
2015-01-11 10:50:00,1.0393616,0.0,187.07147482000008,20.800000000000004
2015-01-11 11:00:00,0.0,0.0,187.07147482000008,20.800000000000004
2015-01-11 11:10:00,0.5638032,0.0,187.63527802000007,20.800000000000004
2015-01-11 11:20:00,0.0,0.0,187.63527802000007,20.800000000000004
2015-01-11 11:30:00,0.0,0.0,187.63527802000007,20.800000000000004
2015-01-11 11:40:00,0.0,0.0,187.63527802000007,20.800000000000004
2015-01-11 11:50:00,0.0,0.0,187.63527802000007,20.800000000000004
2015-01-11 12:00:00,0.0,0.0,187.63527802000007,20.800000000000004
2015-01-11 12:10:00,0.7351574,0.0,188.37043542000006,20.800000000000004
2015-01-11 12:20:00,0.0,0.0,188.37043542000006,20.800000000000004
2015-01-11 12:30:00,0.0,0.0,188.37043542000006,20.800000000000004
2015-01-11 12:40:00,0.0,0.0,188.37043542000006,20.800000000000004
2015-01-11 12:50:00,1.2652733,0.0,189.63570872000005,20.800000000000004
2015-01-11 13:00:00,0.0,0.0,189.63570872000005,20.800000000000004
2015-01-11 13:10:00,0.0,0.0,189.63570872000005,20.800000000000004
2015-01-11 13:20:00,0.0,0.0,189.63570872000005,20.800000000000004
2015-01-11 13:30:00,0.7252424,0.0,190.36095112000007,20.800000000000004
2015-01-11 13:40:00,0.0,0.0,190.36095112000007,20.800000000000004
2015-01-11 13:50:00,0.0,0.0,190.36095112000007,20.800000000000004
2015-01-11 14:00:00,0.0,0.0,190.36095112000007,20.800000000000004
2015-01-11 14:10:00,0.0,0.0,190.36095112000007,20.800000000000004
2015-01-11 14:20:00,0.0,0.0,190.36095112000007,20.800000000000004
2015-01-11 14:30:00,0.0,0.0,190.36095112000007,20.800000000000004
2015-01-11 14:40:00,0.0,0.0,190.36095112000007,20.800000000000004
2015-01-11 14:50:00,0.0,0.0,190.36095112000007,20.800000000000004
2015-01-11 15:00:00,0.0,0.0,190.36095112000007,20.800000000000004
2015-01-11 15:10:00,0.0,0.0,190.36095112000007,20.800000000000004
2015-01-11 15:20:00,0.0,0.0,190.36095112000007,20.800000000000004
2015-01-11 15:30:00,0.0,0.0,190.36095112000007,20.800000000000004
2015-01-11 15:40:00,0.0,0.0,190.36095112000007,20.800000000000004
2015-01-11 15:50:00,0.5448558,0.0,190.90580692000006,20.800000000000004
2015-01-11 16:00:00,0.0,0.0,190.90580692000006,20.800000000000004
2015-01-11 16:10:00,0.0,0.0,190.90580692000006,20.800000000000004
2015-01-11 16:20:00,0.0,0.0,190.90580692000006,20.800000000000004
2015-01-11 16:30:00,0.0,0.0,190.90580692000006,20.800000000000004
2015-01-11 16:40:00,0.0,0.0,190.90580692000006,20.800000000000004
2015-01-11 16:50:00,0.0,0.0,190.90580692000006,20.800000000000004
2015-01-11 17:00:00,0.0,0.0,190.90580692000006,20.800000000000004
2015-01-11 17:10:00,0.0,0.0,190.90580692000006,20.800000000000004
2015-01-11 17:20:00,0.0,0.0,190.90580692000006,20.800000000000004
2015-01-11 17:30:00,0.0,0.0,190.90580692000006,20.800000000000004
2015-01-11 17:40:00,0.0,0.0,190.90580692000006,20.800000000000004
2015-01-11 17:50:00,0.0,0.0,190.90580692000006,20.800000000000004
2015-01-11 18:00:00,0.0,0.0,190.90580692000006,20.800000000000004
2015-01-11 18:10:00,0.0,0.0,190.90580692000006,20.800000000000004
2015-01-11 18:20:00,0.0,0.0,190.90580692000006,20.800000000000004
2015-01-11 18:30:00,0.0,0.0,190.90580692000006,20.800000000000004
2015-01-11 18:40:00,0.0,0.0,190.90580692000006,20.800000000000004
2015-01-11 18:50:00,0.0,0.0,190.90580692000006,20.800000000000004
2015-01-11 19:00:00,0.0,0.0,190.90580692000006,20.800000000000004
2015-01-11 19:10:00,0.0,0.0,190.90580692000006,20.800000000000004
2015-01-11 19:20:00,0.0,0.0,190.90580692000006,20.800000000000004
2015-01-11 19:30:00,0.0,0.0,190.90580692000006,20.800000000000004
2015-01-11 19:40:00,0.0,0.0,190.90580692000006,20.800000000000004
2015-01-11 19:50:00,0.0,0.0,190.90580692000006,20.800000000000004
2015-01-11 20:00:00,0.0,0.0,190.90580692000006,20.800000000000004
2015-01-11 20:10:00,0.0,0.0,190.90580692000006,20.800000000000004
2015-01-11 20:20:00,0.0,0.0,190.90580692000006,20.800000000000004
2015-01-11 20:30:00,0.0,0.0,190.90580692000006,20.800000000000004
2015-01-11 20:40:00,0.0,0.0,190.90580692000006,20.800000000000004
2015-01-11 20:50:00,0.0,0.0,190.90580692000006,20.800000000000004
2015-01-11 21:00:00,0.0,0.0,190.90580692000006,20.800000000000004
2015-01-11 21:10:00,0.0,0.0,190.90580692000006,20.800000000000004
2015-01-11 21:20:00,0.0,0.0,190.90580692000006,20.800000000000004
2015-01-11 21:30:00,0.0,0.0,190.90580692000006,20.800000000000004
2015-01-11 21:40:00,0.0,0.0,190.90580692000006,20.800000000000004
2015-01-11 21:50:00,0.0,0.0,190.90580692000006,20.800000000000004
2015-01-11 22:00:00,0.0,0.0,190.90580692000006,20.800000000000004
2015-01-11 22:10:00,0.0,0.0,190.90580692000006,20.800000000000004
2015-01-11 22:20:00,0.0,0.0,190.90580692000006,20.800000000000004
2015-01-11 22:30:00,0.0,0.0,190.90580692000006,20.800000000000004
2015-01-11 22:40:00,0.0,0.0,190.90580692000006,20.800000000000004
2015-01-11 22:50:00,0.0,0.0,190.90580692000006,20.800000000000004
2015-01-11 23:00:00,0.0,0.0,190.90580692000006,20.800000000000004
2015-01-11 23:10:00,0.0,0.0,190.90580692000006,20.800000000000004
2015-01-11 23:20:00,0.0,0.0,190.90580692000006,20.800000000000004
2015-01-11 23:30:00,0.0,0.0,190.90580692000006,20.800000000000004
2015-01-11 23:40:00,0.0,0.0,190.90580692000006,20.800000000000004
2015-01-11 23:50:00,0.0,0.0,190.90580692000006,20.800000000000004
2015-01-12 00:00:00,0.0,0.0,190.90580692000006,20.800000000000004
2015-01-12 00:10:00,0.0,0.0,190.90580692000006,20.800000000000004
2015-01-12 00:20:00,0.0,0.0,190.90580692000006,20.800000000000004
2015-01-12 00:30:00,0.0,0.0,190.90580692000006,20.800000000000004
2015-01-12 00:40:00,0.0,0.0,190.90580692000006,20.800000000000004
2015-01-12 00:50:00,0.0,0.0,190.90580692000006,20.800000000000004
2015-01-12 01:00:00,0.0,0.0,190.90580692000006,20.800000000000004
2015-01-12 01:10:00,0.0,0.0,190.90580692000006,20.800000000000004
2015-01-12 01:20:00,0.0,0.0,190.90580692000006,20.800000000000004
2015-01-12 01:30:00,0.0,0.0,190.90580692000006,20.800000000000004
2015-01-12 01:40:00,0.0,0.0,190.90580692000006,20.800000000000004
2015-01-12 01:50:00,0.0,0.0,190.90580692000006,20.800000000000004
2015-01-12 02:00:00,0.0,0.0,190.90580692000006,20.800000000000004
2015-01-12 02:10:00,0.0,0.0,190.90580692000006,20.800000000000004
2015-01-12 02:20:00,0.0,0.0,190.90580692000006,20.800000000000004
2015-01-12 02:30:00,0.0,0.0,190.90580692000006,20.800000000000004
