Time,RainAmoutPredicted[mm/h],RainAmoutGT[mm/h]
2015-01-01 00:00:00,0.99910325,0.0
2015-01-01 00:10:00,0.50194573,0.0
2015-01-01 00:20:00,0.0,0.0
2015-01-01 00:30:00,0.0,0.0
2015-01-01 00:40:00,0.0,0.0
2015-01-01 00:50:00,0.0,0.0
2015-01-01 01:00:00,0.0,0.0
2015-01-01 01:10:00,0.0,0.0
2015-01-01 01:20:00,0.0,0.0
2015-01-01 01:30:00,0.0,0.0
2015-01-01 01:40:00,0.0,0.0
2015-01-01 01:50:00,0.0,0.0
2015-01-01 02:00:00,0.0,0.0
2015-01-01 02:10:00,0.0,0.0
2015-01-01 02:20:00,0.0,0.0
2015-01-01 02:30:00,0.74817026,0.0
2015-01-01 02:40:00,0.0,0.0
2015-01-01 02:50:00,0.97656053,0.0
2015-01-01 03:00:00,1.7192372,0.0
2015-01-01 03:10:00,1.4675697,0.0
2015-01-01 03:20:00,0.9884841,0.0
2015-01-01 03:30:00,0.0,0.0
2015-01-01 03:40:00,0.7385934,0.0
2015-01-01 03:50:00,1.7032398,0.0
2015-01-01 04:00:00,3.1848695,0.0
2015-01-01 04:10:00,1.6969591,0.0
2015-01-01 04:20:00,0.97316784,0.0
2015-01-01 04:30:00,0.73126614,0.0
2015-01-01 04:40:00,0.9673175,0.0
2015-01-01 04:50:00,0.0,0.0
2015-01-01 05:00:00,0.0,0.0
2015-01-01 05:10:00,0.0,0.0
2015-01-01 05:20:00,1.2312224,0.0
2015-01-01 05:30:00,1.726044,0.0
2015-01-01 05:40:00,0.0,0.0
2015-01-01 05:50:00,0.73528284,0.0
2015-01-01 06:00:00,2.179839,0.0
2015-01-01 06:10:00,1.2245001,0.0
2015-01-01 06:20:00,0.7570499,0.0
2015-01-01 06:30:00,0.0,0.0
2015-01-01 06:40:00,0.9807974,0.0
2015-01-01 06:50:00,1.9585499,0.0
2015-01-01 07:00:00,0.0,0.0
2015-01-01 07:10:00,0.502767,0.0
2015-01-01 07:20:00,0.0,0.0
2015-01-01 07:30:00,1.449107,0.0
2015-01-01 07:40:00,2.195954,0.0
2015-01-01 07:50:00,0.0,0.0
2015-01-01 08:00:00,0.0,0.0
2015-01-01 08:10:00,0.0,0.0
2015-01-01 08:20:00,0.0,0.0
2015-01-01 08:30:00,0.0,0.0
2015-01-01 08:40:00,0.73034424,0.0
2015-01-01 08:50:00,0.0,0.0
2015-01-01 09:00:00,0.0,0.0
2015-01-01 09:10:00,0.0,0.0
2015-01-01 09:20:00,1.2188219,0.0
2015-01-01 09:30:00,0.0,0.0
2015-01-01 09:40:00,0.0,0.0
2015-01-01 09:50:00,0.0,0.0
2015-01-01 10:00:00,0.0,0.0
2015-01-01 10:10:00,0.0,0.0
2015-01-01 10:20:00,0.0,0.0
2015-01-01 10:30:00,0.0,0.0
2015-01-01 10:40:00,0.94921154,0.0
2015-01-01 10:50:00,0.0,0.0
2015-01-01 11:00:00,0.0,0.0
2015-01-01 11:10:00,0.0,0.0
2015-01-01 11:20:00,0.0,0.0
2015-01-01 11:30:00,0.0,0.0
2015-01-01 11:40:00,0.0,0.0
2015-01-01 11:50:00,0.0,0.0
2015-01-01 12:00:00,0.0,0.0
2015-01-01 12:10:00,0.0,0.0
2015-01-01 12:20:00,0.0,0.0
2015-01-01 12:30:00,0.0,0.0
2015-01-01 12:40:00,0.0,0.0
2015-01-01 12:50:00,0.0,0.0
2015-01-01 13:00:00,0.0,0.0
2015-01-01 13:10:00,0.74957067,0.0
2015-01-01 13:20:00,0.0,0.0
2015-01-01 13:30:00,0.99347496,0.0
2015-01-01 13:40:00,1.724749,0.0
2015-01-01 13:50:00,1.4693753,0.0
2015-01-01 14:00:00,0.9673069,0.0
2015-01-01 14:10:00,0.0,0.0
2015-01-01 14:20:00,0.7405984,0.0
2015-01-01 14:30:00,1.7031174,0.0
2015-01-01 14:40:00,3.1846876,0.0
2015-01-01 14:50:00,1.6860011,0.0
2015-01-01 15:00:00,0.9819938,0.0
2015-01-01 15:10:00,0.73422664,0.0
2015-01-01 15:20:00,0.97520953,0.0
2015-01-01 15:30:00,0.0,0.0
2015-01-01 15:40:00,0.0,0.0
2015-01-01 15:50:00,0.0,0.0
2015-01-01 16:00:00,1.1773411,0.0
2015-01-01 16:10:00,1.7107219,0.0
2015-01-01 16:20:00,0.0,0.0
2015-01-01 16:30:00,0.73444813,0.0
2015-01-01 16:40:00,2.169064,0.0
2015-01-01 16:50:00,1.2128254,0.0
2015-01-01 17:00:00,0.7392325,0.0
2015-01-01 17:10:00,0.0,0.0
2015-01-01 17:20:00,0.9539175,0.0
2015-01-01 17:30:00,1.9527622,0.0
2015-01-01 17:40:00,0.0,0.0
2015-01-01 17:50:00,0.53864276,0.0
2015-01-01 18:00:00,0.0,0.0
2015-01-01 18:10:00,1.4633106,0.0
2015-01-01 18:20:00,2.2105777,0.0
2015-01-01 18:30:00,0.0,0.0
2015-01-01 18:40:00,0.0,0.0
2015-01-01 18:50:00,0.0,0.0
2015-01-01 19:00:00,0.0,0.0
2015-01-01 19:10:00,0.0,0.0
2015-01-01 19:20:00,0.71899694,0.0
2015-01-01 19:30:00,0.0,0.0
2015-01-01 19:40:00,0.0,0.0
2015-01-01 19:50:00,0.0,0.0
2015-01-01 20:00:00,1.2095748,0.0
2015-01-01 20:10:00,0.0,0.0
2015-01-01 20:20:00,0.0,0.0
2015-01-01 20:30:00,0.0,0.0
2015-01-01 20:40:00,0.0,0.0
2015-01-01 20:50:00,0.0,0.0
2015-01-01 21:00:00,0.0,0.0
2015-01-01 21:10:00,0.0,0.0
2015-01-01 21:20:00,0.0,0.0
2015-01-01 21:30:00,0.0,0.0
2015-01-01 21:40:00,0.0,0.0
2015-01-01 21:50:00,0.0,0.0
2015-01-01 22:00:00,0.0,0.0
2015-01-01 22:10:00,0.0,0.0
2015-01-01 22:20:00,0.0,0.0
2015-01-01 22:30:00,0.0,0.0
2015-01-01 22:40:00,0.0,0.0
2015-01-01 22:50:00,0.0,0.0
2015-01-01 23:00:00,0.0,0.0
2015-01-01 23:10:00,0.0,0.0
2015-01-01 23:20:00,0.0,0.0
2015-01-01 23:30:00,0.0,0.0
2015-01-01 23:40:00,0.0,0.0
2015-01-01 23:50:00,0.0,0.0
2015-01-02 00:00:00,0.0,0.0
2015-01-02 00:10:00,0.0,0.0
2015-01-02 00:20:00,0.0,0.0
2015-01-02 00:30:00,0.0,0.0
2015-01-02 00:40:00,0.0,0.0
2015-01-02 00:50:00,0.0,0.0
2015-01-02 01:00:00,0.0,0.0
2015-01-02 01:10:00,0.0,0.0
2015-01-02 01:20:00,0.0,0.0
2015-01-02 01:30:00,0.0,0.0
2015-01-02 01:40:00,0.0,0.0
2015-01-02 01:50:00,0.0,0.0
2015-01-02 02:00:00,0.0,0.0
2015-01-02 02:10:00,0.0,0.0
2015-01-02 02:20:00,0.0,0.0
2015-01-02 02:30:00,0.0,0.0
2015-01-02 02:40:00,0.0,0.0
2015-01-02 02:50:00,0.0,0.0
2015-01-02 03:00:00,0.0,0.0
2015-01-02 03:10:00,0.0,0.0
2015-01-02 03:20:00,0.0,0.0
2015-01-02 03:30:00,0.0,0.0
2015-01-02 03:40:00,0.0,0.0
2015-01-02 03:50:00,0.0,0.0
2015-01-02 04:00:00,0.0,0.0
2015-01-02 04:10:00,0.0,0.0
2015-01-02 04:20:00,0.0,0.0
2015-01-02 04:30:00,0.0,0.0
2015-01-02 04:40:00,0.0,0.0
2015-01-02 04:50:00,0.0,0.0
2015-01-02 05:00:00,0.0,0.0
2015-01-02 05:10:00,0.0,0.0
2015-01-02 05:20:00,0.0,0.0
2015-01-02 05:30:00,0.0,0.0
2015-01-02 05:40:00,0.0,0.0
2015-01-02 05:50:00,0.0,0.0
2015-01-02 06:00:00,0.0,0.0
2015-01-02 06:10:00,0.0,0.0
2015-01-02 06:20:00,0.0,0.0
2015-01-02 06:30:00,0.0,0.0
2015-01-02 06:40:00,0.0,0.0
2015-01-02 06:50:00,0.0,0.0
2015-01-02 07:00:00,0.0,0.0
2015-01-02 07:10:00,0.0,0.0
2015-01-02 07:20:00,0.0,0.0
2015-01-02 07:30:00,0.0,0.0
2015-01-02 07:40:00,0.0,0.0
2015-01-02 07:50:00,0.0,0.0
2015-01-02 08:00:00,1.0019064,0.0
2015-01-02 08:10:00,0.0,0.0
2015-01-02 08:20:00,0.0,0.0
2015-01-02 08:30:00,0.0,0.0
2015-01-02 08:40:00,0.0,0.0
2015-01-02 08:50:00,0.0,0.0
2015-01-02 09:00:00,0.0,0.0
2015-01-02 09:10:00,0.0,0.0
2015-01-02 09:20:00,0.0,0.0
2015-01-02 09:30:00,0.0,0.0
2015-01-02 09:40:00,0.0,0.0
2015-01-02 09:50:00,0.0,0.0
2015-01-02 10:00:00,0.0,0.0
2015-01-02 10:10:00,0.0,0.0
2015-01-02 10:20:00,0.0,0.0
2015-01-02 10:30:00,0.7525308,0.0
2015-01-02 10:40:00,0.0,0.0
2015-01-02 10:50:00,0.9947569,0.0
2015-01-02 11:00:00,1.72318,0.0
2015-01-02 11:10:00,1.4662994,0.0
2015-01-02 11:20:00,0.98332614,0.0
2015-01-02 11:30:00,0.0,0.0
2015-01-02 11:40:00,0.7420823,0.0
2015-01-02 11:50:00,1.7022088,0.0
2015-01-02 12:00:00,3.1846557,0.0
2015-01-02 12:10:00,1.6925602,0.0
2015-01-02 12:20:00,0.9846889,0.0
2015-01-02 12:30:00,0.7415616,0.0
2015-01-02 12:40:00,0.96363527,0.0
2015-01-02 12:50:00,0.0,0.0
2015-01-02 13:00:00,0.0,0.0
2015-01-02 13:10:00,0.0,0.0
2015-01-02 13:20:00,1.196721,0.0
2015-01-02 13:30:00,1.7157868,0.0
2015-01-02 13:40:00,0.0,0.0
2015-01-02 13:50:00,0.7458573,0.0
2015-01-02 14:00:00,2.1975791,0.0
2015-01-02 14:10:00,1.2276262,0.0
2015-01-02 14:20:00,0.759092,0.0
2015-01-02 14:30:00,0.0,0.0
2015-01-02 14:40:00,0.94451827,0.0
2015-01-02 14:50:00,1.9438359,0.0
2015-01-02 15:00:00,0.0,0.0
2015-01-02 15:10:00,0.5420641,0.0
2015-01-02 15:20:00,0.0,0.0
2015-01-02 15:30:00,1.4613916,0.0
2015-01-02 15:40:00,2.1914947,0.0
2015-01-02 15:50:00,0.0,0.0
2015-01-02 16:00:00,0.0,0.0
2015-01-02 16:10:00,0.0,0.0
2015-01-02 16:20:00,0.0,0.0
2015-01-02 16:30:00,0.0,0.0
2015-01-02 16:40:00,0.71919197,0.0
2015-01-02 16:50:00,0.0,0.0
2015-01-02 17:00:00,0.0,0.0
2015-01-02 17:10:00,0.0,0.0
2015-01-02 17:20:00,1.2097112,0.0
2015-01-02 17:30:00,0.0,0.0
2015-01-02 17:40:00,0.0,0.0
2015-01-02 17:50:00,0.0,0.0
2015-01-02 18:00:00,0.0,0.0
2015-01-02 18:10:00,0.0,0.0
2015-01-02 18:20:00,0.0,0.0
2015-01-02 18:30:00,0.0,0.0
2015-01-02 18:40:00,0.997365,0.0
2015-01-02 18:50:00,0.5029816,0.0
2015-01-02 19:00:00,0.0,0.0
2015-01-02 19:10:00,0.0,0.0
2015-01-02 19:20:00,0.0,0.0
2015-01-02 19:30:00,0.0,0.0
2015-01-02 19:40:00,0.0,0.0
2015-01-02 19:50:00,0.0,0.0
2015-01-02 20:00:00,0.0,0.0
2015-01-02 20:10:00,0.0,0.0
2015-01-02 20:20:00,0.0,0.0
2015-01-02 20:30:00,0.0,0.0
2015-01-02 20:40:00,0.0,0.0
2015-01-02 20:50:00,0.0,0.0
2015-01-02 21:00:00,0.0,0.0
2015-01-02 21:10:00,0.7363391,0.0
2015-01-02 21:20:00,0.0,0.0
2015-01-02 21:30:00,0.9580528,0.0
2015-01-02 21:40:00,1.7224455,0.0
2015-01-02 21:50:00,1.4596616,0.0
2015-01-02 22:00:00,0.96902674,0.0
2015-01-02 22:10:00,0.0,0.0
2015-01-02 22:20:00,0.74692607,0.0
2015-01-02 22:30:00,1.7094961,0.0
2015-01-02 22:40:00,3.1853766,0.0
2015-01-02 22:50:00,1.747118,0.0
2015-01-02 23:00:00,0.9924923,0.0
2015-01-02 23:10:00,0.74278873,0.0
2015-01-02 23:20:00,0.98607266,0.0
2015-01-02 23:30:00,0.0,0.0
2015-01-02 23:40:00,0.0,0.0
2015-01-02 23:50:00,0.0,0.0
2015-01-03 00:00:00,1.2230561,0.0
2015-01-03 00:10:00,1.7046345,0.0
2015-01-03 00:20:00,0.0,0.0
2015-01-03 00:30:00,0.7326006,0.0
2015-01-03 00:40:00,2.2118573,0.0
2015-01-03 00:50:00,1.2505412,0.0
2015-01-03 01:00:00,0.7069581,0.0
2015-01-03 01:10:00,0.0,0.0
2015-01-03 01:20:00,0.9976353,0.0
2015-01-03 01:30:00,1.9704989,0.0
2015-01-03 01:40:00,0.0,0.0
2015-01-03 01:50:00,0.0,0.0
2015-01-03 02:00:00,0.0,0.0
2015-01-03 02:10:00,1.4750499,0.0
2015-01-03 02:20:00,2.2072744,0.0
2015-01-03 02:30:00,0.0,0.0
2015-01-03 02:40:00,0.0,0.0
2015-01-03 02:50:00,0.0,0.0
2015-01-03 03:00:00,0.0,0.0
2015-01-03 03:10:00,0.0,0.0
2015-01-03 03:20:00,0.7245783,0.0
2015-01-03 03:30:00,0.0,0.0
2015-01-03 03:40:00,0.0,0.0
2015-01-03 03:50:00,0.0,0.0
2015-01-03 04:00:00,1.2119783,0.0
2015-01-03 04:10:00,0.0,0.0
2015-01-03 04:20:00,0.0,0.0
2015-01-03 04:30:00,0.0,0.0
2015-01-03 04:40:00,0.0,0.0
2015-01-03 04:50:00,0.0,0.0
2015-01-03 05:00:00,0.0,0.0
2015-01-03 05:10:00,0.0,0.0
2015-01-03 05:20:00,0.0,0.0
2015-01-03 05:30:00,0.0,0.0
2015-01-03 05:40:00,0.0,0.0
2015-01-03 05:50:00,0.0,0.0
2015-01-03 06:00:00,0.0,0.0
2015-01-03 06:10:00,0.0,0.0
2015-01-03 06:20:00,0.0,0.0
2015-01-03 06:30:00,0.0,0.0
2015-01-03 06:40:00,0.0,0.0
2015-01-03 06:50:00,0.0,0.0
2015-01-03 07:00:00,0.0,0.0
2015-01-03 07:10:00,0.0,0.0
2015-01-03 07:20:00,0.0,0.0
2015-01-03 07:30:00,0.0,0.0
2015-01-03 07:40:00,0.0,0.0
2015-01-03 07:50:00,0.0,0.0
2015-01-03 08:00:00,0.0,0.0
2015-01-03 08:10:00,0.0,0.0
2015-01-03 08:20:00,0.0,0.0
2015-01-03 08:30:00,0.0,0.0
2015-01-03 08:40:00,0.0,0.0
2015-01-03 08:50:00,0.0,0.0
2015-01-03 09:00:00,0.0,0.0
2015-01-03 09:10:00,0.0,0.0
2015-01-03 09:20:00,0.0,0.0
2015-01-03 09:30:00,0.0,0.0
2015-01-03 09:40:00,0.0,0.0
2015-01-03 09:50:00,0.0,0.0
2015-01-03 10:00:00,0.0,0.0
2015-01-03 10:10:00,0.0,0.0
2015-01-03 10:20:00,0.0,0.0
2015-01-03 10:30:00,0.0,0.0
2015-01-03 10:40:00,0.0,0.0
2015-01-03 10:50:00,0.0,0.0
2015-01-03 11:00:00,0.0,0.0
2015-01-03 11:10:00,0.0,0.0
2015-01-03 11:20:00,0.0,0.0
2015-01-03 11:30:00,0.0,0.0
2015-01-03 11:40:00,0.0,0.0
2015-01-03 11:50:00,0.0,0.0
2015-01-03 12:00:00,0.0,0.0
2015-01-03 12:10:00,0.0,0.0
2015-01-03 12:20:00,0.0,0.0
2015-01-03 12:30:00,0.0,0.0
2015-01-03 12:40:00,0.0,0.0
2015-01-03 12:50:00,0.0,0.0
2015-01-03 13:00:00,0.0,0.0
2015-01-03 13:10:00,0.0,0.0
2015-01-03 13:20:00,0.0,0.0
2015-01-03 13:30:00,0.0,0.0
2015-01-03 13:40:00,0.0,0.0
2015-01-03 13:50:00,0.0,0.0
2015-01-03 14:00:00,0.0,0.0
2015-01-03 14:10:00,0.0,0.0
2015-01-03 14:20:00,0.0,0.0
2015-01-03 14:30:00,0.0,0.0
2015-01-03 14:40:00,0.0,0.0
2015-01-03 14:50:00,0.0,0.0
2015-01-03 15:00:00,0.0,0.0
2015-01-03 15:10:00,0.0,0.0
2015-01-03 15:20:00,0.0,0.0
2015-01-03 15:30:00,0.0,0.0
2015-01-03 15:40:00,0.0,0.0
2015-01-03 15:50:00,0.0,0.0
2015-01-03 16:00:00,0.9717641,0.0
2015-01-03 16:10:00,0.0,0.0
2015-01-03 16:20:00,0.0,0.0
2015-01-03 16:30:00,0.0,0.0
2015-01-03 16:40:00,0.0,0.0
2015-01-03 16:50:00,0.0,0.0
2015-01-03 17:00:00,0.0,0.0
2015-01-03 17:10:00,0.0,0.0
2015-01-03 17:20:00,0.0,0.0
2015-01-03 17:30:00,0.0,0.0
2015-01-03 17:40:00,0.0,0.0
2015-01-03 17:50:00,0.0,0.0
2015-01-03 18:00:00,0.0,0.0
2015-01-03 18:10:00,0.0,0.0
2015-01-03 18:20:00,0.0,0.0
2015-01-03 18:30:00,0.74902314,0.0
2015-01-03 18:40:00,0.0,0.0
2015-01-03 18:50:00,0.96075815,0.0
2015-01-03 19:00:00,1.7127914,0.0
2015-01-03 19:10:00,1.4667505,0.0
2015-01-03 19:20:00,0.97973806,0.0
2015-01-03 19:30:00,0.0,0.0
2015-01-03 19:40:00,0.73883694,0.0
2015-01-03 19:50:00,1.7216414,0.0
2015-01-03 20:00:00,3.1854353,0.0
2015-01-03 20:10:00,1.7315438,0.0
2015-01-03 20:20:00,1.0030617,0.0
2015-01-03 20:30:00,0.72704166,0.0
2015-01-03 20:40:00,0.9747963,0.0
2015-01-03 20:50:00,0.0,0.0
2015-01-03 21:00:00,0.0,0.0
2015-01-03 21:10:00,0.0,0.0
2015-01-03 21:20:00,1.198257,0.0
2015-01-03 21:30:00,1.6971581,0.0
2015-01-03 21:40:00,0.0,0.0
2015-01-03 21:50:00,0.7299661,0.0
2015-01-03 22:00:00,2.180658,0.0
2015-01-03 22:10:00,1.232826,0.0
2015-01-03 22:20:00,0.7121439,0.0
2015-01-03 22:30:00,0.0,0.0
2015-01-03 22:40:00,0.9632845,0.0
2015-01-03 22:50:00,1.9650036,0.0
2015-01-03 23:00:00,0.0,0.0
2015-01-03 23:10:00,0.52005833,0.0
2015-01-03 23:20:00,0.0,0.0
2015-01-03 23:30:00,1.4442694,0.0
2015-01-03 23:40:00,2.205807,0.0
2015-01-03 23:50:00,0.0,0.0
2015-01-04 00:00:00,0.0,0.0
2015-01-04 00:10:00,0.0,0.0
2015-01-04 00:20:00,0.0,0.0
2015-01-04 00:30:00,0.0,0.0
2015-01-04 00:40:00,0.7368712,0.0
2015-01-04 00:50:00,0.0,0.0
2015-01-04 01:00:00,0.0,0.0
2015-01-04 01:10:00,0.0,0.0
2015-01-04 01:20:00,1.2232226,0.0
2015-01-04 01:30:00,0.0,0.0
2015-01-04 01:40:00,0.0,0.0
2015-01-04 01:50:00,0.0,0.0
2015-01-04 02:00:00,0.0,0.0
2015-01-04 02:10:00,0.0,0.0
2015-01-04 02:20:00,0.0,0.0
2015-01-04 02:30:00,0.0,0.0
2015-01-04 02:40:00,0.99154073,0.0
2015-01-04 02:50:00,0.5097603,0.0
2015-01-04 03:00:00,0.0,0.0
2015-01-04 03:10:00,0.0,0.0
2015-01-04 03:20:00,0.0,0.0
2015-01-04 03:30:00,0.0,0.0
2015-01-04 03:40:00,0.0,0.0
2015-01-04 03:50:00,0.0,0.0
2015-01-04 04:00:00,0.0,0.0
2015-01-04 04:10:00,0.0,0.0
2015-01-04 04:20:00,0.0,0.0
2015-01-04 04:30:00,0.0,0.0
2015-01-04 04:40:00,0.0,0.0
2015-01-04 04:50:00,0.0,0.0
2015-01-04 05:00:00,0.0,0.0
2015-01-04 05:10:00,0.75790787,0.0
2015-01-04 05:20:00,0.0,0.0
2015-01-04 05:30:00,1.0032538,0.0
2015-01-04 05:40:00,1.7186816,0.0
2015-01-04 05:50:00,1.4531144,0.0
2015-01-04 06:00:00,0.96469134,0.0
2015-01-04 06:10:00,0.0,0.0
2015-01-04 06:20:00,0.72705775,0.0
2015-01-04 06:30:00,1.6838398,0.0
2015-01-04 06:40:00,3.1836228,0.0
2015-01-04 06:50:00,1.6754105,0.0
2015-01-04 07:00:00,0.9891386,0.0
2015-01-04 07:10:00,0.75902003,0.0
2015-01-04 07:20:00,0.99139255,0.0
2015-01-04 07:30:00,0.0,0.0
2015-01-04 07:40:00,0.0,0.0
2015-01-04 07:50:00,0.5171579,0.0
2015-01-04 08:00:00,1.1755028,0.0
2015-01-04 08:10:00,1.7093219,0.0
2015-01-04 08:20:00,0.0,0.0
2015-01-04 08:30:00,0.75939673,0.0
2015-01-04 08:40:00,2.2292364,0.0
2015-01-04 08:50:00,1.2613052,0.0
2015-01-04 09:00:00,0.77934194,0.0
2015-01-04 09:10:00,0.0,0.0
2015-01-04 09:20:00,0.92128175,0.0
2015-01-04 09:30:00,1.9407914,0.0
2015-01-04 09:40:00,0.0,0.0
2015-01-04 09:50:00,0.52209896,0.0
2015-01-04 10:00:00,0.0,0.0
2015-01-04 10:10:00,1.4329871,0.0
2015-01-04 10:20:00,2.1832845,0.0
2015-01-04 10:30:00,0.0,0.0
2015-01-04 10:40:00,0.0,0.0
2015-01-04 10:50:00,0.0,0.0
2015-01-04 11:00:00,0.0,0.0
2015-01-04 11:10:00,0.0,0.0
2015-01-04 11:20:00,0.72677153,0.0
2015-01-04 11:30:00,0.0,0.0
2015-01-04 11:40:00,0.0,0.0
2015-01-04 11:50:00,0.0,0.0
2015-01-04 12:00:00,1.2036604,0.0
2015-01-04 12:10:00,0.0,0.0
2015-01-04 12:20:00,0.0,0.0
2015-01-04 12:30:00,0.0,0.0
2015-01-04 12:40:00,0.0,0.0
2015-01-04 12:50:00,0.0,0.0
2015-01-04 13:00:00,0.0,0.0
2015-01-04 13:10:00,0.0,0.0
2015-01-04 13:20:00,1.0026019,0.0
2015-01-04 13:30:00,0.50795054,0.0
2015-01-04 13:40:00,0.0,0.0
2015-01-04 13:50:00,0.0,0.0
2015-01-04 14:00:00,0.0,0.0
2015-01-04 14:10:00,0.0,0.0
2015-01-04 14:20:00,0.0,0.0
2015-01-04 14:30:00,0.0,0.0
2015-01-04 14:40:00,0.0,0.0
2015-01-04 14:50:00,0.0,0.0
2015-01-04 15:00:00,0.0,0.0
2015-01-04 15:10:00,0.0,0.0
2015-01-04 15:20:00,0.0,0.0
2015-01-04 15:30:00,0.0,0.0
2015-01-04 15:40:00,0.0,0.0
2015-01-04 15:50:00,0.7609436,0.0
2015-01-04 16:00:00,0.0,0.0
2015-01-04 16:10:00,0.9888057,0.0
2015-01-04 16:20:00,1.7318348,0.0
2015-01-04 16:30:00,1.4597716,0.0
2015-01-04 16:40:00,0.9814729,0.0
2015-01-04 16:50:00,0.5238624,0.0
2015-01-04 17:00:00,0.74964786,0.0
2015-01-04 17:10:00,1.7300519,0.0
2015-01-04 17:20:00,3.1850526,0.0
2015-01-04 17:30:00,1.7066987,0.0
2015-01-04 17:40:00,0.98283243,0.0
2015-01-04 17:50:00,0.7286054,0.0
2015-01-04 18:00:00,0.9774963,0.0
2015-01-04 18:10:00,0.0,0.0
2015-01-04 18:20:00,0.0,0.0
2015-01-04 18:30:00,0.0,0.0
2015-01-04 18:40:00,1.2017508,0.0
2015-01-04 18:50:00,1.7286465,0.0
2015-01-04 19:00:00,0.0,0.0
2015-01-04 19:10:00,0.74469954,0.0
2015-01-04 19:20:00,2.1788032,0.0
2015-01-04 19:30:00,1.2211374,0.0
2015-01-04 19:40:00,0.7669891,0.0
2015-01-04 19:50:00,0.0,0.0
2015-01-04 20:00:00,0.92984927,0.0
2015-01-04 20:10:00,1.9481728,0.0
2015-01-04 20:20:00,0.0,0.0
2015-01-04 20:30:00,0.5727918,0.0
2015-01-04 20:40:00,0.0,0.0
2015-01-04 20:50:00,1.4535317,0.0
2015-01-04 21:00:00,2.188694,0.0
2015-01-04 21:10:00,0.0,0.0
2015-01-04 21:20:00,0.0,0.0
2015-01-04 21:30:00,0.0,0.0
2015-01-04 21:40:00,0.0,0.0
2015-01-04 21:50:00,0.0,0.0
2015-01-04 22:00:00,0.7278697,0.0
2015-01-04 22:10:00,0.0,0.0
2015-01-04 22:20:00,0.0,0.0
2015-01-04 22:30:00,0.0,0.0
2015-01-04 22:40:00,1.2173822,0.0
2015-01-04 22:50:00,0.0,0.0
2015-01-04 23:00:00,0.0,0.0
2015-01-04 23:10:00,0.0,0.0
2015-01-04 23:20:00,0.0,0.0
2015-01-04 23:30:00,0.0,0.0
2015-01-04 23:40:00,0.0,0.0
2015-01-04 23:50:00,0.0,0.0
2015-01-05 00:00:00,1.0001643,0.0
2015-01-05 00:10:00,0.0,0.0
2015-01-05 00:20:00,0.0,0.0
2015-01-05 00:30:00,0.0,0.0
2015-01-05 00:40:00,0.0,0.0
2015-01-05 00:50:00,0.0,0.0
2015-01-05 01:00:00,0.0,0.0
2015-01-05 01:10:00,0.0,0.0
2015-01-05 01:20:00,0.0,0.0
2015-01-05 01:30:00,0.0,0.0
2015-01-05 01:40:00,0.0,0.0
2015-01-05 01:50:00,0.0,0.0
2015-01-05 02:00:00,0.0,0.0
2015-01-05 02:10:00,0.0,0.0
2015-01-05 02:20:00,0.0,0.0
2015-01-05 02:30:00,0.72883934,0.0
2015-01-05 02:40:00,0.0,0.0
2015-01-05 02:50:00,0.97209084,0.0
2015-01-05 03:00:00,1.7167052,0.0
2015-01-05 03:10:00,1.4725994,0.0
2015-01-05 03:20:00,0.9728948,0.0
2015-01-05 03:30:00,0.5057246,0.0
2015-01-05 03:40:00,0.74474853,0.0
2015-01-05 03:50:00,1.69069,0.0
2015-01-05 04:00:00,3.1846626,0.0
2015-01-05 04:10:00,1.6881965,0.0
2015-01-05 04:20:00,0.97395515,0.0
2015-01-05 04:30:00,0.7455689,0.0
2015-01-05 04:40:00,0.98009694,0.0
2015-01-05 04:50:00,0.0,0.0
2015-01-05 05:00:00,0.0,0.0
2015-01-05 05:10:00,0.5074089,0.0
2015-01-05 05:20:00,1.2375268,0.0
2015-01-05 05:30:00,1.7324857,0.0
2015-01-05 05:40:00,0.0,0.0
2015-01-05 05:50:00,0.7318751,0.0
2015-01-05 06:00:00,2.1969326,0.0
2015-01-05 06:10:00,1.2402935,0.0
2015-01-05 06:20:00,0.77470994,0.0
2015-01-05 06:30:00,0.0,0.0
2015-01-05 06:40:00,0.9885797,0.0
2015-01-05 06:50:00,1.969788,0.0
2015-01-05 07:00:00,0.0,0.0
2015-01-05 07:10:00,0.53449845,0.0
2015-01-05 07:20:00,0.0,0.0
2015-01-05 07:30:00,1.520387,0.0
2015-01-05 07:40:00,2.219937,0.0
2015-01-05 07:50:00,0.0,0.0
2015-01-05 08:00:00,0.0,0.0
2015-01-05 08:10:00,0.0,0.0
2015-01-05 08:20:00,0.0,0.0
2015-01-05 08:30:00,0.0,0.0
2015-01-05 08:40:00,0.73463833,0.0
2015-01-05 08:50:00,0.0,0.0
2015-01-05 09:00:00,0.0,0.0
2015-01-05 09:10:00,0.0,0.0
2015-01-05 09:20:00,1.2163908,0.0
2015-01-05 09:30:00,0.0,0.0
2015-01-05 09:40:00,0.0,0.0
2015-01-05 09:50:00,0.0,0.0
2015-01-05 10:00:00,0.0,0.0
2015-01-05 10:10:00,0.0,0.0
2015-01-05 10:20:00,0.0,0.0
2015-01-05 10:30:00,0.0,0.0
2015-01-05 10:40:00,0.0,0.0
2015-01-05 10:50:00,0.0,0.0
2015-01-05 11:00:00,0.0,0.0
2015-01-05 11:10:00,0.0,0.0
2015-01-05 11:20:00,0.0,0.0
2015-01-05 11:30:00,0.0,0.0
2015-01-05 11:40:00,0.0,0.0
2015-01-05 11:50:00,0.0,0.0
2015-01-05 12:00:00,0.0,0.0
2015-01-05 12:10:00,0.0,0.0
2015-01-05 12:20:00,0.0,0.0
2015-01-05 12:30:00,0.0,0.0
2015-01-05 12:40:00,0.0,0.0
2015-01-05 12:50:00,0.0,0.0
2015-01-05 13:00:00,0.0,0.0
2015-01-05 13:10:00,0.0,0.0
2015-01-05 13:20:00,0.0,0.0
2015-01-05 13:30:00,0.0,0.0
2015-01-05 13:40:00,0.0,0.0
2015-01-05 13:50:00,0.0,0.0
2015-01-05 14:00:00,0.0,0.0
2015-01-05 14:10:00,0.0,0.0
2015-01-05 14:20:00,0.0,0.0
2015-01-05 14:30:00,0.0,0.0
2015-01-05 14:40:00,0.0,0.0
2015-01-05 14:50:00,0.0,0.0
2015-01-05 15:00:00,0.0,0.0
2015-01-05 15:10:00,0.0,0.0
2015-01-05 15:20:00,0.0,0.0
2015-01-05 15:30:00,0.0,0.0
2015-01-05 15:40:00,0.0,0.0
2015-01-05 15:50:00,0.0,0.0
2015-01-05 16:00:00,0.0,0.0
2015-01-05 16:10:00,0.0,0.0
2015-01-05 16:20:00,0.0,0.0
2015-01-05 16:30:00,0.0,0.0
2015-01-05 16:40:00,0.0,0.0
2015-01-05 16:50:00,0.0,0.0
2015-01-05 17:00:00,0.0,0.0
2015-01-05 17:10:00,0.0,0.0
2015-01-05 17:20:00,0.0,0.0
2015-01-05 17:30:00,0.0,0.0
2015-01-05 17:40:00,0.0,0.0
2015-01-05 17:50:00,0.0,0.0
2015-01-05 18:00:00,0.0,0.0
2015-01-05 18:10:00,0.0,0.0
2015-01-05 18:20:00,0.0,0.0
2015-01-05 18:30:00,0.0,0.0
2015-01-05 18:40:00,0.0,0.0
2015-01-05 18:50:00,0.0,0.0
2015-01-05 19:00:00,0.0,0.0
2015-01-05 19:10:00,0.0,0.0
2015-01-05 19:20:00,0.0,0.0
2015-01-05 19:30:00,0.0,0.0
2015-01-05 19:40:00,0.0,0.0
2015-01-05 19:50:00,0.0,0.0
2015-01-05 20:00:00,0.0,0.0
2015-01-05 20:10:00,0.0,0.0
2015-01-05 20:20:00,0.0,0.0
2015-01-05 20:30:00,0.0,0.0
2015-01-05 20:40:00,0.0,0.0
2015-01-05 20:50:00,0.0,0.0
2015-01-05 21:00:00,0.0,0.0
2015-01-05 21:10:00,0.0,0.0
2015-01-05 21:20:00,0.0,0.0
2015-01-05 21:30:00,0.0,0.0
2015-01-05 21:40:00,0.0,0.0
2015-01-05 21:50:00,0.0,0.0
2015-01-05 22:00:00,0.0,0.0
2015-01-05 22:10:00,0.0,0.0
2015-01-05 22:20:00,0.0,0.0
2015-01-05 22:30:00,0.0,0.0
2015-01-05 22:40:00,0.0,0.0
2015-01-05 22:50:00,0.0,0.0
2015-01-05 23:00:00,0.0,0.0
2015-01-05 23:10:00,0.0,0.0
2015-01-05 23:20:00,0.0,0.0
2015-01-05 23:30:00,0.0,0.0
2015-01-05 23:40:00,0.0,0.0
2015-01-05 23:50:00,0.0,0.0
2015-01-06 00:00:00,0.0,0.0
2015-01-06 00:10:00,0.0,0.0
2015-01-06 00:20:00,0.0,0.0
2015-01-06 00:30:00,0.0,0.0
2015-01-06 00:40:00,0.0,0.0
2015-01-06 00:50:00,0.0,0.0
2015-01-06 01:00:00,0.0,0.0
2015-01-06 01:10:00,0.0,0.0
2015-01-06 01:20:00,0.0,0.0
2015-01-06 01:30:00,0.0,0.0
2015-01-06 01:40:00,0.0,0.0
2015-01-06 01:50:00,0.0,0.0
2015-01-06 02:00:00,0.0,0.0
2015-01-06 02:10:00,0.0,0.0
2015-01-06 02:20:00,0.0,0.0
2015-01-06 02:30:00,0.0,0.0
2015-01-06 02:40:00,0.0,0.0
2015-01-06 02:50:00,0.0,0.0
2015-01-06 03:00:00,0.0,0.0
2015-01-06 03:10:00,0.0,0.0
2015-01-06 03:20:00,0.0,0.0
2015-01-06 03:30:00,0.0,0.0
2015-01-06 03:40:00,0.0,0.0
2015-01-06 03:50:00,0.0,0.0
2015-01-06 04:00:00,0.0,0.0
2015-01-06 04:10:00,0.0,0.0
2015-01-06 04:20:00,0.0,0.0
2015-01-06 04:30:00,0.0,0.0
2015-01-06 04:40:00,0.0,0.0
2015-01-06 04:50:00,0.0,0.0
2015-01-06 05:00:00,0.0,0.0
2015-01-06 05:10:00,0.0,0.0
2015-01-06 05:20:00,0.0,0.0
2015-01-06 05:30:00,0.0,0.0
2015-01-06 05:40:00,0.0,0.0
2015-01-06 05:50:00,0.0,0.0
2015-01-06 06:00:00,0.0,0.0
2015-01-06 06:10:00,0.0,0.0
2015-01-06 06:20:00,0.0,0.0
2015-01-06 06:30:00,0.0,0.0
2015-01-06 06:40:00,0.0,0.0
2015-01-06 06:50:00,0.0,0.0
2015-01-06 07:00:00,0.0,0.0
2015-01-06 07:10:00,0.0,0.0
2015-01-06 07:20:00,0.0,0.0
2015-01-06 07:30:00,0.0,0.0
2015-01-06 07:40:00,0.0,0.0
2015-01-06 07:50:00,0.0,0.0
2015-01-06 08:00:00,0.98349047,0.0
2015-01-06 08:10:00,0.0,0.0
2015-01-06 08:20:00,0.0,0.0
2015-01-06 08:30:00,0.0,0.0
2015-01-06 08:40:00,0.0,0.0
2015-01-06 08:50:00,0.0,0.0
2015-01-06 09:00:00,0.0,0.0
2015-01-06 09:10:00,0.0,0.0
2015-01-06 09:20:00,0.0,0.0
2015-01-06 09:30:00,0.0,0.0
2015-01-06 09:40:00,0.0,0.0
2015-01-06 09:50:00,0.0,0.0
2015-01-06 10:00:00,0.0,0.0
2015-01-06 10:10:00,0.0,0.0
2015-01-06 10:20:00,0.0,0.0
2015-01-06 10:30:00,0.7652677,0.0
2015-01-06 10:40:00,0.0,0.0
2015-01-06 10:50:00,0.99506897,0.0
2015-01-06 11:00:00,1.7377442,0.0
2015-01-06 11:10:00,1.4667886,0.0
2015-01-06 11:20:00,0.9940371,0.0
2015-01-06 11:30:00,0.5184442,0.0
2015-01-06 11:40:00,0.7504181,0.0
2015-01-06 11:50:00,1.7199948,0.0
2015-01-06 12:00:00,3.1849608,0.0
2015-01-06 12:10:00,1.7221886,0.0
2015-01-06 12:20:00,0.9938798,0.0
2015-01-06 12:30:00,0.7382487,0.0
2015-01-06 12:40:00,0.98512167,0.0
2015-01-06 12:50:00,0.0,0.0
2015-01-06 13:00:00,0.0,0.0
2015-01-06 13:10:00,0.0,0.0
2015-01-06 13:20:00,1.1478863,0.0
2015-01-06 13:30:00,1.67847,0.0
2015-01-06 13:40:00,0.0,0.0
2015-01-06 13:50:00,0.7640464,0.0
2015-01-06 14:00:00,2.240102,0.0
2015-01-06 14:10:00,1.2718749,0.0
2015-01-06 14:20:00,0.72650146,0.0
2015-01-06 14:30:00,0.0,0.0
2015-01-06 14:40:00,0.9307189,0.0
2015-01-06 14:50:00,1.9499733,0.0
2015-01-06 15:00:00,0.0,0.0
2015-01-06 15:10:00,0.53945035,0.0
2015-01-06 15:20:00,0.0,0.0
2015-01-06 15:30:00,1.4600943,0.0
2015-01-06 15:40:00,2.2054899,0.0
2015-01-06 15:50:00,0.0,0.0
2015-01-06 16:00:00,0.0,0.0
2015-01-06 16:10:00,0.0,0.0
2015-01-06 16:20:00,0.0,0.0
2015-01-06 16:30:00,0.0,0.0
2015-01-06 16:40:00,0.72933644,0.0
2015-01-06 16:50:00,0.0,0.0
2015-01-06 17:00:00,0.0,0.0
2015-01-06 17:10:00,0.0,0.0
2015-01-06 17:20:00,1.2097847,0.0
2015-01-06 17:30:00,0.0,0.0
2015-01-06 17:40:00,0.0,0.0
2015-01-06 17:50:00,0.0,0.0
2015-01-06 18:00:00,0.0,0.0
2015-01-06 18:10:00,0.0,0.0
2015-01-06 18:20:00,0.0,0.0
2015-01-06 18:30:00,0.0,0.0
2015-01-06 18:40:00,1.0132403,0.0
2015-01-06 18:50:00,0.5141097,0.0
2015-01-06 19:00:00,0.0,0.0
2015-01-06 19:10:00,0.0,0.0
2015-01-06 19:20:00,0.0,0.0
2015-01-06 19:30:00,0.0,0.0
2015-01-06 19:40:00,0.0,0.0
2015-01-06 19:50:00,0.0,0.0
2015-01-06 20:00:00,0.0,0.0
2015-01-06 20:10:00,0.0,0.0
2015-01-06 20:20:00,0.0,0.0
2015-01-06 20:30:00,0.0,0.0
2015-01-06 20:40:00,0.0,0.0
2015-01-06 20:50:00,0.0,0.0
2015-01-06 21:00:00,0.0,0.0
2015-01-06 21:10:00,0.7461092,0.0
2015-01-06 21:20:00,0.0,0.0
2015-01-06 21:30:00,0.97097874,0.0
2015-01-06 21:40:00,1.7083536,0.0
2015-01-06 21:50:00,1.4597033,0.0
2015-01-06 22:00:00,0.98655015,0.0
2015-01-06 22:10:00,0.0,0.0
2015-01-06 22:20:00,0.7307944,0.0
2015-01-06 22:30:00,1.7352707,0.0
2015-01-06 22:40:00,3.185518,0.0
2015-01-06 22:50:00,1.7427548,0.0
2015-01-06 23:00:00,1.0192087,0.0
2015-01-06 23:10:00,0.75599855,0.0
2015-01-06 23:20:00,0.97729474,0.0
2015-01-06 23:30:00,0.0,0.0
2015-01-06 23:40:00,0.0,0.0
2015-01-06 23:50:00,0.0,0.0
2015-01-07 00:00:00,1.1954249,0.0
2015-01-07 00:10:00,1.6817446,0.0
2015-01-07 00:20:00,0.0,0.0
2015-01-07 00:30:00,0.7352542,0.0
2015-01-07 00:40:00,2.1979406,0.0
2015-01-07 00:50:00,1.2856,0.0
2015-01-07 01:00:00,0.75208265,0.0
2015-01-07 01:10:00,0.0,0.0
2015-01-07 01:20:00,0.8955598,0.0
2015-01-07 01:30:00,1.9421943,0.0
2015-01-07 01:40:00,0.0,0.0
2015-01-07 01:50:00,0.51108205,0.0
2015-01-07 02:00:00,0.0,0.0
2015-01-07 02:10:00,1.3979481,0.0
2015-01-07 02:20:00,2.146476,0.0
2015-01-07 02:30:00,0.0,0.0
2015-01-07 02:40:00,0.0,0.0
2015-01-07 02:50:00,0.0,0.0
2015-01-07 03:00:00,0.0,0.0
2015-01-07 03:10:00,0.0,0.0
2015-01-07 03:20:00,0.7279758,0.0
2015-01-07 03:30:00,0.0,0.0
2015-01-07 03:40:00,0.0,0.0
2015-01-07 03:50:00,0.0,0.0
2015-01-07 04:00:00,1.2095,0.0
2015-01-07 04:10:00,0.0,0.0
2015-01-07 04:20:00,0.0,0.0
2015-01-07 04:30:00,0.0,0.0
2015-01-07 04:40:00,0.0,0.0
2015-01-07 04:50:00,0.0,0.0
2015-01-07 05:00:00,0.0,0.0
2015-01-07 05:10:00,0.0,0.0
2015-01-07 05:20:00,0.97365314,0.0
2015-01-07 05:30:00,0.0,0.0
2015-01-07 05:40:00,0.0,0.0
2015-01-07 05:50:00,0.0,0.0
2015-01-07 06:00:00,0.0,0.0
2015-01-07 06:10:00,0.0,0.0
2015-01-07 06:20:00,0.0,0.0
2015-01-07 06:30:00,0.0,0.0
2015-01-07 06:40:00,0.0,0.0
2015-01-07 06:50:00,0.0,0.0
2015-01-07 07:00:00,0.0,0.0
2015-01-07 07:10:00,0.0,0.0
2015-01-07 07:20:00,0.0,0.0
2015-01-07 07:30:00,0.0,0.0
2015-01-07 07:40:00,0.0,0.0
2015-01-07 07:50:00,0.7442236,0.0
2015-01-07 08:00:00,0.0,0.0
2015-01-07 08:10:00,0.9930355,0.0
2015-01-07 08:20:00,1.7242508,0.0
2015-01-07 08:30:00,1.4502972,0.0
2015-01-07 08:40:00,0.97218335,0.0
2015-01-07 08:50:00,0.0,0.0
2015-01-07 09:00:00,0.74937075,0.0
2015-01-07 09:10:00,1.7066227,0.0
2015-01-07 09:20:00,3.1854227,0.0
2015-01-07 09:30:00,1.725054,0.0
2015-01-07 09:40:00,0.966309,0.0
2015-01-07 09:50:00,0.7191945,0.0
2015-01-07 10:00:00,0.91933554,0.0
2015-01-07 10:10:00,0.0,0.0
2015-01-07 10:20:00,0.0,0.0
2015-01-07 10:30:00,0.0,0.0
2015-01-07 10:40:00,1.212788,0.0
2015-01-07 10:50:00,1.7004111,0.0
2015-01-07 11:00:00,0.0,0.0
2015-01-07 11:10:00,0.73191047,0.0
2015-01-07 11:20:00,2.203283,0.0
2015-01-07 11:30:00,1.2197118,0.0
2015-01-07 11:40:00,0.68993586,0.0
2015-01-07 11:50:00,0.0,0.0
2015-01-07 12:00:00,1.0040087,0.0
2015-01-07 12:10:00,1.9653019,0.0
2015-01-07 12:20:00,0.0,0.0
2015-01-07 12:30:00,0.55841327,0.0
2015-01-07 12:40:00,0.0,0.0
2015-01-07 12:50:00,1.527256,0.0
2015-01-07 13:00:00,2.2533524,0.0
2015-01-07 13:10:00,0.0,0.0
2015-01-07 13:20:00,0.0,0.0
2015-01-07 13:30:00,0.0,0.0
2015-01-07 13:40:00,0.0,0.0
2015-01-07 13:50:00,0.0,0.0
2015-01-07 14:00:00,0.72063416,0.0
2015-01-07 14:10:00,0.0,0.0
2015-01-07 14:20:00,0.0,0.0
2015-01-07 14:30:00,0.0,0.0
2015-01-07 14:40:00,1.1988773,0.0
2015-01-07 14:50:00,0.0,0.0
2015-01-07 15:00:00,0.0,0.0
2015-01-07 15:10:00,0.0,0.0
2015-01-07 15:20:00,0.0,0.0
2015-01-07 15:30:00,0.0,0.0
2015-01-07 15:40:00,0.0,0.0
2015-01-07 15:50:00,0.0,0.0
2015-01-07 16:00:00,0.0,0.0
2015-01-07 16:10:00,0.0,0.0
2015-01-07 16:20:00,0.0,0.0
2015-01-07 16:30:00,0.0,0.0
2015-01-07 16:40:00,0.0,0.0
2015-01-07 16:50:00,0.0,0.0
2015-01-07 17:00:00,0.0,0.0
2015-01-07 17:10:00,0.0,0.0
2015-01-07 17:20:00,0.0,0.0
2015-01-07 17:30:00,0.0,0.0
2015-01-07 17:40:00,0.0,0.0
2015-01-07 17:50:00,0.0,0.0
2015-01-07 18:00:00,0.0,0.0
2015-01-07 18:10:00,0.0,0.0
2015-01-07 18:20:00,0.0,0.0
2015-01-07 18:30:00,0.0,0.0
2015-01-07 18:40:00,0.0,0.0
2015-01-07 18:50:00,0.0,0.0
2015-01-07 19:00:00,0.0,0.0
2015-01-07 19:10:00,0.0,0.0
2015-01-07 19:20:00,0.0,0.0
2015-01-07 19:30:00,0.0,0.0
2015-01-07 19:40:00,0.0,0.0
2015-01-07 19:50:00,0.0,0.0
2015-01-07 20:00:00,0.0,0.0
2015-01-07 20:10:00,0.0,0.0
2015-01-07 20:20:00,0.0,0.0
2015-01-07 20:30:00,0.0,0.0
2015-01-07 20:40:00,0.0,0.0
2015-01-07 20:50:00,0.0,0.0
2015-01-07 21:00:00,0.0,0.0
2015-01-07 21:10:00,0.0,0.0
2015-01-07 21:20:00,0.0,0.0
2015-01-07 21:30:00,0.0,0.0
2015-01-07 21:40:00,0.0,0.0
2015-01-07 21:50:00,0.0,0.0
2015-01-07 22:00:00,0.0,0.0
2015-01-07 22:10:00,0.0,0.0
2015-01-07 22:20:00,0.0,0.0
2015-01-07 22:30:00,0.0,0.0
2015-01-07 22:40:00,0.0,0.0
2015-01-07 22:50:00,0.0,0.0
2015-01-07 23:00:00,0.0,0.0
2015-01-07 23:10:00,0.0,0.0
2015-01-07 23:20:00,0.0,0.0
2015-01-07 23:30:00,0.0,0.0
2015-01-07 23:40:00,0.0,0.0
2015-01-07 23:50:00,0.0,0.0
2015-01-08 00:00:00,0.0,0.0
2015-01-08 00:10:00,0.0,0.0
2015-01-08 00:20:00,0.0,0.0
2015-01-08 00:30:00,0.0,0.0
2015-01-08 00:40:00,0.0,0.0
2015-01-08 00:50:00,0.0,0.0
2015-01-08 01:00:00,0.0,0.0
2015-01-08 01:10:00,0.0,0.0
2015-01-08 01:20:00,0.0,0.0
2015-01-08 01:30:00,0.0,0.0
2015-01-08 01:40:00,0.0,0.0
2015-01-08 01:50:00,0.0,0.0
2015-01-08 02:00:00,0.0,0.0
2015-01-08 02:10:00,0.0,0.0
2015-01-08 02:20:00,0.0,0.0
2015-01-08 02:30:00,0.0,0.0
2015-01-08 02:40:00,0.99102545,0.0
2015-01-08 02:50:00,0.0,0.0
2015-01-08 03:00:00,0.0,0.0
2015-01-08 03:10:00,0.0,0.0
2015-01-08 03:20:00,0.0,0.0
2015-01-08 03:30:00,0.0,0.0
2015-01-08 03:40:00,0.0,0.0
2015-01-08 03:50:00,0.0,0.0
2015-01-08 04:00:00,0.0,0.0
2015-01-08 04:10:00,0.0,0.0
2015-01-08 04:20:00,0.0,0.0
2015-01-08 04:30:00,0.0,0.0
2015-01-08 04:40:00,0.0,0.0
2015-01-08 04:50:00,0.0,0.0
2015-01-08 05:00:00,0.0,0.0
2015-01-08 05:10:00,0.73930806,0.0
2015-01-08 05:20:00,0.0,0.0
2015-01-08 05:30:00,0.98602,0.0
2015-01-08 05:40:00,1.7352775,0.0
2015-01-08 05:50:00,1.459026,0.0
2015-01-08 06:00:00,0.95695335,0.0
2015-01-08 06:10:00,0.0,0.0
2015-01-08 06:20:00,0.73238033,0.0
2015-01-08 06:30:00,1.7229861,0.0
2015-01-08 06:40:00,3.1851938,0.0
2015-01-08 06:50:00,1.7477295,0.0
2015-01-08 07:00:00,1.0242158,0.0
2015-01-08 07:10:00,0.76011467,0.0
2015-01-08 07:20:00,1.0291699,0.0
2015-01-08 07:30:00,0.0,0.0
2015-01-08 07:40:00,0.0,0.0
2015-01-08 07:50:00,0.0,0.0
2015-01-08 08:00:00,1.1857342,0.0
2015-01-08 08:10:00,1.6922327,0.0
2015-01-08 08:20:00,0.0,0.0
2015-01-08 08:30:00,0.7286894,0.0
2015-01-08 08:40:00,2.1848552,0.0
2015-01-08 08:50:00,1.2719452,0.0
2015-01-08 09:00:00,0.7448247,0.0
2015-01-08 09:10:00,0.0,0.0
2015-01-08 09:20:00,0.9332596,0.0
2015-01-08 09:30:00,1.9558423,0.0
2015-01-08 09:40:00,0.0,0.0
2015-01-08 09:50:00,0.50094336,0.0
2015-01-08 10:00:00,0.0,0.0
2015-01-08 10:10:00,1.4596381,0.0
2015-01-08 10:20:00,2.194754,0.0
2015-01-08 10:30:00,0.0,0.0
2015-01-08 10:40:00,0.0,0.0
2015-01-08 10:50:00,0.0,0.0
2015-01-08 11:00:00,0.0,0.0
2015-01-08 11:10:00,0.0,0.0
2015-01-08 11:20:00,0.72622013,0.0
2015-01-08 11:30:00,0.0,0.0
2015-01-08 11:40:00,0.0,0.0
2015-01-08 11:50:00,0.0,0.0
2015-01-08 12:00:00,1.2199461,0.0
2015-01-08 12:10:00,0.0,0.0
2015-01-08 12:20:00,0.0,0.0
2015-01-08 12:30:00,0.0,0.0
2015-01-08 12:40:00,0.0,0.0
2015-01-08 12:50:00,0.0,0.0
2015-01-08 13:00:00,0.0,0.0
2015-01-08 13:10:00,0.0,0.0
2015-01-08 13:20:00,0.9893574,0.0
2015-01-08 13:30:00,0.0,0.0
2015-01-08 13:40:00,0.0,0.0
2015-01-08 13:50:00,0.0,0.0
2015-01-08 14:00:00,0.0,0.0
2015-01-08 14:10:00,0.0,0.0
2015-01-08 14:20:00,0.0,0.0
2015-01-08 14:30:00,0.0,0.0
2015-01-08 14:40:00,0.0,0.0
2015-01-08 14:50:00,0.0,0.0
2015-01-08 15:00:00,0.0,0.0
2015-01-08 15:10:00,0.0,0.0
2015-01-08 15:20:00,0.0,0.0
2015-01-08 15:30:00,0.0,0.0
2015-01-08 15:40:00,0.0,0.0
2015-01-08 15:50:00,0.75357366,0.0
2015-01-08 16:00:00,0.0,0.0
2015-01-08 16:10:00,1.0154585,0.0
2015-01-08 16:20:00,1.7389408,0.0
2015-01-08 16:30:00,1.4426378,0.0
2015-01-08 16:40:00,0.9681301,0.0
2015-01-08 16:50:00,0.0,0.0
2015-01-08 17:00:00,0.72997123,0.0
2015-01-08 17:10:00,1.7279949,0.0
2015-01-08 17:20:00,3.1850002,0.0
2015-01-08 17:30:00,1.7261826,0.0
2015-01-08 17:40:00,1.0059527,0.0
2015-01-08 17:50:00,0.731015,0.0
2015-01-08 18:00:00,0.9557792,0.0
2015-01-08 18:10:00,0.0,0.0
2015-01-08 18:20:00,0.0,0.0
2015-01-08 18:30:00,0.0,0.0
2015-01-08 18:40:00,1.0818493,0.0
2015-01-08 18:50:00,1.6337404,0.0
2015-01-08 19:00:00,0.0,0.0
2015-01-08 19:10:00,0.7386678,0.0
2015-01-08 19:20:00,2.1865895,0.0
2015-01-08 19:30:00,1.2352225,0.0
2015-01-08 19:40:00,0.66975296,0.0
2015-01-08 19:50:00,0.0,0.0
2015-01-08 20:00:00,0.9326075,0.0
2015-01-08 20:10:00,1.9416054,0.0
2015-01-08 20:20:00,0.0,0.0
2015-01-08 20:30:00,0.561435,0.0
2015-01-08 20:40:00,0.0,0.0
2015-01-08 20:50:00,1.4606607,0.0
2015-01-08 21:00:00,2.2218213,0.0
2015-01-08 21:10:00,0.0,0.0
2015-01-08 21:20:00,0.0,0.0
2015-01-08 21:30:00,0.0,0.0
2015-01-08 21:40:00,0.0,0.0
2015-01-08 21:50:00,0.0,0.0
2015-01-08 22:00:00,0.7181589,0.0
2015-01-08 22:10:00,0.0,0.0
2015-01-08 22:20:00,0.0,0.0
2015-01-08 22:30:00,0.0,0.0
2015-01-08 22:40:00,1.2037599,0.0
2015-01-08 22:50:00,0.0,0.0
2015-01-08 23:00:00,0.0,0.0
2015-01-08 23:10:00,0.0,0.0
2015-01-08 23:20:00,0.0,0.0
2015-01-08 23:30:00,0.0,0.0
2015-01-08 23:40:00,0.0,0.0
2015-01-08 23:50:00,0.0,0.0
2015-01-09 00:00:00,0.9867436,0.0
2015-01-09 00:10:00,0.0,0.0
2015-01-09 00:20:00,0.0,0.0
2015-01-09 00:30:00,0.0,0.0
2015-01-09 00:40:00,0.0,0.0
2015-01-09 00:50:00,0.0,0.0
2015-01-09 01:00:00,0.0,0.0
2015-01-09 01:10:00,0.0,0.0
2015-01-09 01:20:00,0.0,0.0
2015-01-09 01:30:00,0.0,0.0
2015-01-09 01:40:00,0.0,0.0
2015-01-09 01:50:00,0.0,0.0
2015-01-09 02:00:00,0.0,0.0
2015-01-09 02:10:00,0.0,0.0
2015-01-09 02:20:00,0.0,0.0
2015-01-09 02:30:00,0.74714655,0.0
2015-01-09 02:40:00,0.0,0.0
2015-01-09 02:50:00,0.9740755,0.0
2015-01-09 03:00:00,1.7232264,0.0
2015-01-09 03:10:00,1.4668232,0.0
2015-01-09 03:20:00,0.9805568,0.0
2015-01-09 03:30:00,0.0,0.0
2015-01-09 03:40:00,0.743501,0.0
2015-01-09 03:50:00,1.7198404,0.0
2015-01-09 04:00:00,3.1852734,0.0
2015-01-09 04:10:00,1.7096379,0.0
2015-01-09 04:20:00,0.9763441,0.0
2015-01-09 04:30:00,0.735277,0.0
2015-01-09 04:40:00,0.97421896,0.0
2015-01-09 04:50:00,0.0,0.0
2015-01-09 05:00:00,0.0,0.0
2015-01-09 05:10:00,0.0,0.0
2015-01-09 05:20:00,1.235124,0.0
2015-01-09 05:30:00,1.7168226,0.0
2015-01-09 05:40:00,0.0,0.0
2015-01-09 05:50:00,0.7492051,0.0
2015-01-09 06:00:00,2.2069244,0.0
2015-01-09 06:10:00,1.2312635,0.0
2015-01-09 06:20:00,0.73262376,0.0
2015-01-09 06:30:00,0.0,0.0
2015-01-09 06:40:00,0.9874282,0.0
2015-01-09 06:50:00,1.9604992,0.0
2015-01-09 07:00:00,0.0,0.0
2015-01-09 07:10:00,0.0,0.0
2015-01-09 07:20:00,0.0,0.0
2015-01-09 07:30:00,1.4681424,0.0
2015-01-09 07:40:00,2.2020862,0.0
2015-01-09 07:50:00,0.0,0.0
2015-01-09 08:00:00,0.0,0.0
2015-01-09 08:10:00,0.0,0.0
2015-01-09 08:20:00,0.0,0.0
2015-01-09 08:30:00,0.0,0.0
2015-01-09 08:40:00,0.7310865,0.0
2015-01-09 08:50:00,0.0,0.0
2015-01-09 09:00:00,0.0,0.0
2015-01-09 09:10:00,0.0,0.0
2015-01-09 09:20:00,1.215391,0.0
2015-01-09 09:30:00,0.0,0.0
2015-01-09 09:40:00,0.0,0.0
2015-01-09 09:50:00,0.0,0.0
2015-01-09 10:00:00,0.0,0.0
2015-01-09 10:10:00,0.0,0.0
2015-01-09 10:20:00,0.0,0.0
2015-01-09 10:30:00,0.0,0.0
2015-01-09 10:40:00,0.99279547,0.0
2015-01-09 10:50:00,0.0,0.0
2015-01-09 11:00:00,0.0,0.0
2015-01-09 11:10:00,0.0,0.0
2015-01-09 11:20:00,0.0,0.0
2015-01-09 11:30:00,0.0,0.0
2015-01-09 11:40:00,0.0,0.0
2015-01-09 11:50:00,0.0,0.0
2015-01-09 12:00:00,0.0,0.0
2015-01-09 12:10:00,0.0,0.0
2015-01-09 12:20:00,0.0,0.0
2015-01-09 12:30:00,0.0,0.0
2015-01-09 12:40:00,0.0,0.0
2015-01-09 12:50:00,0.0,0.0
2015-01-09 13:00:00,0.0,0.0
2015-01-09 13:10:00,0.7530915,0.0
2015-01-09 13:20:00,0.0,0.0
2015-01-09 13:30:00,0.98588127,0.0
2015-01-09 13:40:00,1.7244511,0.0
2015-01-09 13:50:00,1.4685962,0.0
2015-01-09 14:00:00,0.9710679,0.0
2015-01-09 14:10:00,0.5007893,0.0
2015-01-09 14:20:00,0.74352914,0.0
2015-01-09 14:30:00,1.7021341,0.0
2015-01-09 14:40:00,3.1846473,0.0
2015-01-09 14:50:00,1.6906432,0.0
2015-01-09 15:00:00,0.9699335,0.0
2015-01-09 15:10:00,0.731349,0.0
2015-01-09 15:20:00,0.96936905,0.0
2015-01-09 15:30:00,0.0,0.0
2015-01-09 15:40:00,0.0,0.0
2015-01-09 15:50:00,0.0,0.0
2015-01-09 16:00:00,1.211792,0.0
2015-01-09 16:10:00,1.7283293,0.0
2015-01-09 16:20:00,0.50098974,0.0
2015-01-09 16:30:00,0.7523989,0.0
2015-01-09 16:40:00,2.2117162,0.0
2015-01-09 16:50:00,1.2282323,0.0
2015-01-09 17:00:00,0.7523286,0.0
2015-01-09 17:10:00,0.0,0.0
2015-01-09 17:20:00,0.9506556,0.0
2015-01-09 17:30:00,1.944014,0.0
2015-01-09 17:40:00,0.0,0.0
2015-01-09 17:50:00,0.5935845,0.0
2015-01-09 18:00:00,0.0,0.0
2015-01-09 18:10:00,1.4877834,0.0
2015-01-09 18:20:00,2.2022884,0.0
2015-01-09 18:30:00,0.0,0.0
2015-01-09 18:40:00,0.0,0.0
2015-01-09 18:50:00,0.0,0.0
2015-01-09 19:00:00,0.0,0.0
2015-01-09 19:10:00,0.0,0.0
2015-01-09 19:20:00,0.7291443,0.0
2015-01-09 19:30:00,0.0,0.0
2015-01-09 19:40:00,0.0,0.0
2015-01-09 19:50:00,0.0,0.0
2015-01-09 20:00:00,1.2183844,0.0
2015-01-09 20:10:00,0.0,0.0
2015-01-09 20:20:00,0.0,0.0
2015-01-09 20:30:00,0.0,0.0
2015-01-09 20:40:00,0.0,0.0
2015-01-09 20:50:00,0.0,0.0
2015-01-09 21:00:00,0.0,0.0
2015-01-09 21:10:00,0.0,0.0
2015-01-09 21:20:00,0.9723014,0.0
2015-01-09 21:30:00,0.0,0.0
2015-01-09 21:40:00,0.0,0.0
2015-01-09 21:50:00,0.0,0.0
2015-01-09 22:00:00,0.0,0.0
2015-01-09 22:10:00,0.0,0.0
2015-01-09 22:20:00,0.0,0.0
2015-01-09 22:30:00,0.0,0.0
2015-01-09 22:40:00,0.0,0.0
2015-01-09 22:50:00,0.0,0.0
2015-01-09 23:00:00,0.0,0.0
2015-01-09 23:10:00,0.0,0.0
2015-01-09 23:20:00,0.0,0.0
2015-01-09 23:30:00,0.0,0.0
2015-01-09 23:40:00,0.0,0.0
2015-01-09 23:50:00,0.751409,0.0
2015-01-10 00:00:00,0.0,0.0
2015-01-10 00:10:00,0.97414845,0.0
2015-01-10 00:20:00,1.7208942,0.0
2015-01-10 00:30:00,1.4518782,0.0
2015-01-10 00:40:00,0.9562707,0.0
2015-01-10 00:50:00,0.0,0.0
2015-01-10 01:00:00,0.7380359,0.0
2015-01-10 01:10:00,1.718983,0.0
2015-01-10 01:20:00,3.18541,0.0
2015-01-10 01:30:00,1.7134854,0.0
2015-01-10 01:40:00,0.9806003,0.0
2015-01-10 01:50:00,0.7251295,0.0
2015-01-10 02:00:00,0.95839006,0.0
2015-01-10 02:10:00,0.0,0.0
2015-01-10 02:20:00,0.0,0.0
2015-01-10 02:30:00,0.0,0.0
2015-01-10 02:40:00,1.2011712,0.0
2015-01-10 02:50:00,1.7052389,0.0
2015-01-10 03:00:00,0.0,0.0
2015-01-10 03:10:00,0.73895895,0.0
2015-01-10 03:20:00,2.1988652,0.0
2015-01-10 03:30:00,1.2203383,0.0
2015-01-10 03:40:00,0.7064213,0.0
2015-01-10 03:50:00,0.0,0.0
2015-01-10 04:00:00,0.97976106,0.0
2015-01-10 04:10:00,1.9498726,0.0
2015-01-10 04:20:00,0.0,0.0
2015-01-10 04:30:00,0.5381636,0.0
2015-01-10 04:40:00,0.0,0.0
2015-01-10 04:50:00,1.4617517,0.0
2015-01-10 05:00:00,2.2002437,0.0
2015-01-10 05:10:00,0.0,0.0
2015-01-10 05:20:00,0.0,0.0
2015-01-10 05:30:00,0.0,0.0
2015-01-10 05:40:00,0.0,0.0
2015-01-10 05:50:00,0.0,0.0
2015-01-10 06:00:00,0.7244552,0.0
2015-01-10 06:10:00,0.0,0.0
2015-01-10 06:20:00,0.0,0.0
2015-01-10 06:30:00,0.0,0.0
2015-01-10 06:40:00,1.1923617,0.0
2015-01-10 06:50:00,0.0,0.0
2015-01-10 07:00:00,0.0,0.0
2015-01-10 07:10:00,0.0,0.0
2015-01-10 07:20:00,0.0,0.0
2015-01-10 07:30:00,0.0,0.0
2015-01-10 07:40:00,0.0,0.0
2015-01-10 07:50:00,0.0,0.0
2015-01-10 08:00:00,1.0278687,0.0
2015-01-10 08:10:00,0.567269,0.0
2015-01-10 08:20:00,0.0,0.0
2015-01-10 08:30:00,0.0,0.0
2015-01-10 08:40:00,0.0,0.0
2015-01-10 08:50:00,0.0,0.0
2015-01-10 09:00:00,0.0,0.0
2015-01-10 09:10:00,0.0,0.0
2015-01-10 09:20:00,0.0,0.0
2015-01-10 09:30:00,0.0,0.0
2015-01-10 09:40:00,0.0,0.0
2015-01-10 09:50:00,0.0,0.0
2015-01-10 10:00:00,0.0,0.0
2015-01-10 10:10:00,0.0,0.0
2015-01-10 10:20:00,0.0,0.0
2015-01-10 10:30:00,0.7427604,0.0
2015-01-10 10:40:00,0.0,0.0
2015-01-10 10:50:00,0.94677556,0.0
2015-01-10 11:00:00,1.7368081,0.0
2015-01-10 11:10:00,1.4781346,0.0
2015-01-10 11:20:00,0.93202686,0.0
2015-01-10 11:30:00,0.53849083,0.0
2015-01-10 11:40:00,0.79103315,0.0
2015-01-10 11:50:00,1.7284168,0.0
2015-01-10 12:00:00,3.185038,0.0
2015-01-10 12:10:00,1.7092514,0.0
2015-01-10 12:20:00,0.9917391,0.0
2015-01-10 12:30:00,0.76076525,0.0
2015-01-10 12:40:00,1.0104121,0.0
2015-01-10 12:50:00,0.0,0.0
2015-01-10 13:00:00,0.0,0.0
2015-01-10 13:10:00,0.54329354,0.0
2015-01-10 13:20:00,1.319703,0.0
2015-01-10 13:30:00,1.76927,0.0
2015-01-10 13:40:00,0.5165761,0.0
2015-01-10 13:50:00,0.7738021,0.0
2015-01-10 14:00:00,2.2566297,0.0
2015-01-10 14:10:00,1.2297728,0.0
2015-01-10 14:20:00,0.78461313,0.0
2015-01-10 14:30:00,0.0,0.0
2015-01-10 14:40:00,1.0524824,0.0
2015-01-10 14:50:00,1.9774872,0.0
2015-01-10 15:00:00,0.0,0.0
2015-01-10 15:10:00,0.0,0.0
2015-01-10 15:20:00,0.0,0.0
2015-01-10 15:30:00,1.5323977,0.0
2015-01-10 15:40:00,2.2054648,0.0
2015-01-10 15:50:00,0.0,0.0
2015-01-10 16:00:00,0.0,0.0
2015-01-10 16:10:00,0.0,0.0
2015-01-10 16:20:00,0.0,0.0
2015-01-10 16:30:00,0.0,0.0
2015-01-10 16:40:00,0.7296283,0.0
2015-01-10 16:50:00,0.0,0.0
2015-01-10 17:00:00,0.0,0.0
2015-01-10 17:10:00,0.0,0.0
2015-01-10 17:20:00,1.1899141,0.0
2015-01-10 17:30:00,0.0,0.0
2015-01-10 17:40:00,0.0,0.0
2015-01-10 17:50:00,0.0,0.0
2015-01-10 18:00:00,0.0,0.0
2015-01-10 18:10:00,0.0,0.0
2015-01-10 18:20:00,0.0,0.0
2015-01-10 18:30:00,0.0,0.0
2015-01-10 18:40:00,0.973032,0.0
2015-01-10 18:50:00,0.0,0.0
2015-01-10 19:00:00,0.0,0.0
2015-01-10 19:10:00,0.0,0.0
2015-01-10 19:20:00,0.0,0.0
2015-01-10 19:30:00,0.0,0.0
2015-01-10 19:40:00,0.0,0.0
2015-01-10 19:50:00,0.0,0.0
2015-01-10 20:00:00,0.0,0.0
2015-01-10 20:10:00,0.0,0.0
2015-01-10 20:20:00,0.0,0.0
2015-01-10 20:30:00,0.0,0.0
2015-01-10 20:40:00,0.0,0.0
2015-01-10 20:50:00,0.0,0.0
2015-01-10 21:00:00,0.0,0.0
2015-01-10 21:10:00,0.75371414,0.0
2015-01-10 21:20:00,0.0,0.0
2015-01-10 21:30:00,1.0117779,0.0
2015-01-10 21:40:00,1.7315053,0.0
2015-01-10 21:50:00,1.4792942,0.0
2015-01-10 22:00:00,0.9800648,0.0
2015-01-10 22:10:00,0.0,0.0
2015-01-10 22:20:00,0.7232307,0.0
2015-01-10 22:30:00,1.7163353,0.0
2015-01-10 22:40:00,3.185078,0.0
2015-01-10 22:50:00,1.7388262,0.0
2015-01-10 23:00:00,1.0274817,0.0
2015-01-10 23:10:00,0.7313536,0.0
2015-01-10 23:20:00,0.95483553,0.0
2015-01-10 23:30:00,0.0,0.0
2015-01-10 23:40:00,0.0,0.0
2015-01-10 23:50:00,0.0,0.0
2015-01-11 00:00:00,1.1556519,0.0
2015-01-11 00:10:00,1.6947498,0.0
2015-01-11 00:20:00,0.0,0.0
2015-01-11 00:30:00,0.7344444,0.0
2015-01-11 00:40:00,2.1539307,0.0
2015-01-11 00:50:00,1.2225484,0.0
2015-01-11 01:00:00,0.73688567,0.0
2015-01-11 01:10:00,0.0,0.0
2015-01-11 01:20:00,0.9391285,0.0
2015-01-11 01:30:00,1.9524097,0.0
2015-01-11 01:40:00,0.0,0.0
2015-01-11 01:50:00,0.5472381,0.0
2015-01-11 02:00:00,0.0,0.0
2015-01-11 02:10:00,1.4479458,0.0
2015-01-11 02:20:00,2.1947172,0.0
2015-01-11 02:30:00,0.0,0.0
2015-01-11 02:40:00,0.0,0.0
2015-01-11 02:50:00,0.0,0.0
2015-01-11 03:00:00,0.0,0.0
2015-01-11 03:10:00,0.0,0.0
2015-01-11 03:20:00,0.7219682,0.0
2015-01-11 03:30:00,0.0,0.0
2015-01-11 03:40:00,0.0,0.0
2015-01-11 03:50:00,0.0,0.0
2015-01-11 04:00:00,1.2166013,0.0
2015-01-11 04:10:00,0.0,0.0
2015-01-11 04:20:00,0.0,0.0
2015-01-11 04:30:00,0.0,0.0
2015-01-11 04:40:00,0.0,0.0
2015-01-11 04:50:00,0.0,0.0
2015-01-11 05:00:00,0.0,0.0
2015-01-11 05:10:00,0.0,0.0
2015-01-11 05:20:00,0.9795006,0.0
2015-01-11 05:30:00,0.0,0.0
2015-01-11 05:40:00,0.0,0.0
2015-01-11 05:50:00,0.0,0.0
2015-01-11 06:00:00,0.0,0.0
2015-01-11 06:10:00,0.0,0.0
2015-01-11 06:20:00,0.0,0.0
2015-01-11 06:30:00,0.0,0.0
2015-01-11 06:40:00,0.0,0.0
2015-01-11 06:50:00,0.0,0.0
2015-01-11 07:00:00,0.0,0.0
2015-01-11 07:10:00,0.0,0.0
2015-01-11 07:20:00,0.0,0.0
2015-01-11 07:30:00,0.0,0.0
2015-01-11 07:40:00,0.0,0.0
2015-01-11 07:50:00,0.7417264,0.0
2015-01-11 08:00:00,0.0,0.0
2015-01-11 08:10:00,0.99598974,0.0
2015-01-11 08:20:00,1.744965,0.0
2015-01-11 08:30:00,1.4435691,0.0
2015-01-11 08:40:00,0.9703665,0.0
2015-01-11 08:50:00,0.0,0.0
2015-01-11 09:00:00,0.73683393,0.0
2015-01-11 09:10:00,1.6948115,0.0
2015-01-11 09:20:00,3.1850069,0.0
2015-01-11 09:30:00,1.7277501,0.0
2015-01-11 09:40:00,0.9745706,0.0
2015-01-11 09:50:00,0.76063913,0.0
2015-01-11 10:00:00,1.0106618,0.0
2015-01-11 10:10:00,0.0,0.0
2015-01-11 10:20:00,0.0,0.0
2015-01-11 10:30:00,0.0,0.0
2015-01-11 10:40:00,1.0398276,0.0
2015-01-11 10:50:00,1.6114129,0.0
2015-01-11 11:00:00,0.0,0.0
2015-01-11 11:10:00,0.73718095,0.0
2015-01-11 11:20:00,2.2280202,0.0
2015-01-11 11:30:00,1.2580249,0.0
2015-01-11 11:40:00,0.6653124,0.0
2015-01-11 11:50:00,0.0,0.0
2015-01-11 12:00:00,0.8946587,0.0
2015-01-11 12:10:00,1.9408848,0.0
2015-01-11 12:20:00,0.0,0.0
2015-01-11 12:30:00,0.5949412,0.0
2015-01-11 12:40:00,0.0,0.0
2015-01-11 12:50:00,1.4179543,0.0
2015-01-11 13:00:00,2.2084515,0.0
2015-01-11 13:10:00,0.0,0.0
2015-01-11 13:20:00,0.0,0.0
2015-01-11 13:30:00,0.0,0.0
2015-01-11 13:40:00,0.0,0.0
2015-01-11 13:50:00,0.0,0.0
2015-01-11 14:00:00,0.70403016,0.0
2015-01-11 14:10:00,0.0,0.0
2015-01-11 14:20:00,0.0,0.0
2015-01-11 14:30:00,0.0,0.0
2015-01-11 14:40:00,1.2039489,0.0
2015-01-11 14:50:00,0.0,0.0
2015-01-11 15:00:00,0.0,0.0
2015-01-11 15:10:00,0.0,0.0
2015-01-11 15:20:00,0.0,0.0
2015-01-11 15:30:00,0.0,0.0
2015-01-11 15:40:00,0.0,0.0
2015-01-11 15:50:00,0.0,0.0
2015-01-11 16:00:00,1.0033592,0.0
2015-01-11 16:10:00,0.0,0.0
2015-01-11 16:20:00,0.0,0.0
2015-01-11 16:30:00,0.0,0.0
2015-01-11 16:40:00,0.0,0.0
2015-01-11 16:50:00,0.0,0.0
2015-01-11 17:00:00,0.0,0.0
2015-01-11 17:10:00,0.0,0.0
2015-01-11 17:20:00,0.0,0.0
2015-01-11 17:30:00,0.0,0.0
2015-01-11 17:40:00,0.0,0.0
2015-01-11 17:50:00,0.0,0.0
2015-01-11 18:00:00,0.0,0.0
2015-01-11 18:10:00,0.0,0.0
2015-01-11 18:20:00,0.0,0.0
2015-01-11 18:30:00,0.745153,0.0
2015-01-11 18:40:00,0.0,0.0
2015-01-11 18:50:00,0.97760326,0.0
2015-01-11 19:00:00,1.7265682,0.0
2015-01-11 19:10:00,1.4694401,0.0
2015-01-11 19:20:00,0.982418,0.0
2015-01-11 19:30:00,0.0,0.0
2015-01-11 19:40:00,0.74372625,0.0
2015-01-11 19:50:00,1.7200997,0.0
2015-01-11 20:00:00,3.1854231,0.0
2015-01-11 20:10:00,1.7177979,0.0
2015-01-11 20:20:00,0.9811565,0.0
2015-01-11 20:30:00,0.7482605,0.0
2015-01-11 20:40:00,0.98728126,0.0
2015-01-11 20:50:00,0.0,0.0
2015-01-11 21:00:00,0.0,0.0
2015-01-11 21:10:00,0.0,0.0
2015-01-11 21:20:00,1.1992699,0.0
2015-01-11 21:30:00,1.7019386,0.0
2015-01-11 21:40:00,0.0,0.0
2015-01-11 21:50:00,0.7340578,0.0
2015-01-11 22:00:00,2.2052257,0.0
2015-01-11 22:10:00,1.2549403,0.0
2015-01-11 22:20:00,0.7323034,0.0
2015-01-11 22:30:00,0.0,0.0
2015-01-11 22:40:00,0.96986485,0.0
2015-01-11 22:50:00,1.9594768,0.0
2015-01-11 23:00:00,0.0,0.0
2015-01-11 23:10:00,0.0,0.0
2015-01-11 23:20:00,0.0,0.0
2015-01-11 23:30:00,1.4614224,0.0
2015-01-11 23:40:00,2.1939719,0.0
2015-01-11 23:50:00,0.0,0.0
2015-01-12 00:00:00,0.0,0.0
2015-01-12 00:10:00,0.0,0.0
2015-01-12 00:20:00,0.0,0.0
2015-01-12 00:30:00,0.0,0.0
2015-01-12 00:40:00,0.7301255,0.0
2015-01-12 00:50:00,0.0,0.0
2015-01-12 01:00:00,0.0,0.0
2015-01-12 01:10:00,0.0,0.0
2015-01-12 01:20:00,1.2153926,0.0
2015-01-12 01:30:00,0.0,0.0
2015-01-12 01:40:00,0.0,0.0
2015-01-12 01:50:00,0.0,0.0
2015-01-12 02:00:00,0.0,0.0
2015-01-12 02:10:00,0.0,0.0
2015-01-12 02:20:00,0.0,0.0
2015-01-12 02:30:00,0.0,0.0
2015-01-12 02:40:00,0.0,0.0
2015-01-12 02:50:00,0.0,0.0
2015-01-12 03:00:00,0.0,0.0
2015-01-12 03:10:00,0.0,0.0
2015-01-12 03:20:00,0.0,0.0
2015-01-12 03:30:00,0.0,0.0
2015-01-12 03:40:00,0.0,0.0
2015-01-12 03:50:00,0.0,0.0
2015-01-12 04:00:00,0.0,0.0
2015-01-12 04:10:00,0.0,0.0
2015-01-12 04:20:00,0.0,0.0
2015-01-12 04:30:00,0.0,0.0
2015-01-12 04:40:00,0.0,0.0
2015-01-12 04:50:00,0.0,0.0
2015-01-12 05:00:00,0.0,0.0
2015-01-12 05:10:00,0.0,0.0
2015-01-12 05:20:00,0.0,0.0
2015-01-12 05:30:00,0.0,0.0
2015-01-12 05:40:00,0.0,0.0
2015-01-12 05:50:00,0.0,0.0
2015-01-12 06:00:00,0.0,0.0
2015-01-12 06:10:00,0.0,0.0
2015-01-12 06:20:00,0.0,0.0
2015-01-12 06:30:00,0.0,0.0
2015-01-12 06:40:00,0.0,0.0
2015-01-12 06:50:00,0.0,0.0
2015-01-12 07:00:00,0.0,0.0
2015-01-12 07:10:00,0.0,0.0
2015-01-12 07:20:00,0.0,0.0
2015-01-12 07:30:00,0.0,0.0
2015-01-12 07:40:00,0.0,0.0
2015-01-12 07:50:00,0.0,0.0
2015-01-12 08:00:00,0.0,0.0
2015-01-12 08:10:00,0.0,0.0
2015-01-12 08:20:00,0.0,0.0
2015-01-12 08:30:00,0.0,0.0
2015-01-12 08:40:00,0.0,0.0
2015-01-12 08:50:00,0.0,0.0
2015-01-12 09:00:00,0.0,0.0
2015-01-12 09:10:00,0.0,0.0
2015-01-12 09:20:00,0.0,0.0
2015-01-12 09:30:00,0.0,0.0
2015-01-12 09:40:00,0.0,0.0
2015-01-12 09:50:00,0.0,0.0
2015-01-12 10:00:00,0.0,0.0
2015-01-12 10:10:00,0.0,0.0
2015-01-12 10:20:00,0.0,0.0
2015-01-12 10:30:00,0.0,0.0
2015-01-12 10:40:00,0.0,0.0
2015-01-12 10:50:00,0.0,0.0
2015-01-12 11:00:00,0.0,0.0
2015-01-12 11:10:00,0.0,0.0
2015-01-12 11:20:00,0.0,0.0
2015-01-12 11:30:00,0.0,0.0
2015-01-12 11:40:00,0.0,0.0
2015-01-12 11:50:00,0.0,0.0
2015-01-12 12:00:00,0.0,0.0
2015-01-12 12:10:00,0.0,0.0
2015-01-12 12:20:00,0.0,0.0
2015-01-12 12:30:00,0.0,0.0
2015-01-12 12:40:00,0.0,0.0
2015-01-12 12:50:00,0.0,0.0
2015-01-12 13:00:00,0.0,0.0
2015-01-12 13:10:00,0.0,0.0
2015-01-12 13:20:00,0.9697246,0.0
2015-01-12 13:30:00,0.0,0.0
2015-01-12 13:40:00,0.0,0.0
2015-01-12 13:50:00,0.0,0.0
2015-01-12 14:00:00,0.0,0.0
2015-01-12 14:10:00,0.0,0.0
2015-01-12 14:20:00,0.0,0.0
2015-01-12 14:30:00,0.0,0.0
2015-01-12 14:40:00,0.0,0.0
2015-01-12 14:50:00,0.0,0.0
2015-01-12 15:00:00,0.0,0.0
2015-01-12 15:10:00,0.0,0.0
2015-01-12 15:20:00,0.0,0.0
2015-01-12 15:30:00,0.0,0.0
2015-01-12 15:40:00,0.0,0.0
2015-01-12 15:50:00,0.7521767,0.0
2015-01-12 16:00:00,0.0,0.0
2015-01-12 16:10:00,0.97656107,0.0
2015-01-12 16:20:00,1.7080344,0.0
2015-01-12 16:30:00,1.473516,0.0
2015-01-12 16:40:00,0.9820671,0.0
2015-01-12 16:50:00,0.0,0.0
2015-01-12 17:00:00,0.74189854,0.0
2015-01-12 17:10:00,1.7196476,0.0
2015-01-12 17:20:00,3.1857421,0.0
2015-01-12 17:30:00,1.7229985,0.0
2015-01-12 17:40:00,0.9935176,0.0
2015-01-12 17:50:00,0.71200085,0.0
2015-01-12 18:00:00,0.9364317,0.0
2015-01-12 18:10:00,0.0,0.0
2015-01-12 18:20:00,0.0,0.0
2015-01-12 18:30:00,0.0,0.0
2015-01-12 18:40:00,1.2366319,0.0
2015-01-12 18:50:00,1.720931,0.0
2015-01-12 19:00:00,0.0,0.0
2015-01-12 19:10:00,0.7229137,0.0
2015-01-12 19:20:00,2.1457448,0.0
2015-01-12 19:30:00,1.2127713,0.0
2015-01-12 19:40:00,0.73434407,0.0
2015-01-12 19:50:00,0.0,0.0
2015-01-12 20:00:00,0.9810492,0.0
2015-01-12 20:10:00,1.9636124,0.0
2015-01-12 20:20:00,0.0,0.0
2015-01-12 20:30:00,0.50606906,0.0
2015-01-12 20:40:00,0.0,0.0
2015-01-12 20:50:00,1.4871923,0.0
2015-01-12 21:00:00,2.2162235,0.0
2015-01-12 21:10:00,0.0,0.0
2015-01-12 21:20:00,0.0,0.0
2015-01-12 21:30:00,0.0,0.0
2015-01-12 21:40:00,0.0,0.0
2015-01-12 21:50:00,0.0,0.0
2015-01-12 22:00:00,0.7349253,0.0
2015-01-12 22:10:00,0.0,0.0
2015-01-12 22:20:00,0.0,0.0
2015-01-12 22:30:00,0.0,0.0
2015-01-12 22:40:00,1.2219615,0.0
2015-01-12 22:50:00,0.0,0.0
2015-01-12 23:00:00,0.0,0.0
2015-01-12 23:10:00,0.0,0.0
2015-01-12 23:20:00,0.0,0.0
2015-01-12 23:30:00,0.0,0.0
2015-01-12 23:40:00,0.0,0.0
2015-01-12 23:50:00,0.0,0.0
2015-01-13 00:00:00,0.978072,0.0
2015-01-13 00:10:00,0.0,0.0
2015-01-13 00:20:00,0.0,0.0
2015-01-13 00:30:00,0.0,0.0
2015-01-13 00:40:00,0.0,0.0
2015-01-13 00:50:00,0.0,0.0
2015-01-13 01:00:00,0.0,0.0
2015-01-13 01:10:00,0.0,0.0
2015-01-13 01:20:00,0.0,0.0
2015-01-13 01:30:00,0.0,0.0
2015-01-13 01:40:00,0.0,0.0
2015-01-13 01:50:00,0.0,0.0
2015-01-13 02:00:00,0.0,0.0
2015-01-13 02:10:00,0.0,0.0
2015-01-13 02:20:00,0.0,0.0
2015-01-13 02:30:00,0.73995686,0.0
2015-01-13 02:40:00,0.0,0.0
2015-01-13 02:50:00,0.96487075,0.0
2015-01-13 03:00:00,1.6941389,0.0
2015-01-13 03:10:00,1.4743309,0.0
2015-01-13 03:20:00,0.98714334,0.0
2015-01-13 03:30:00,0.0,0.0
2015-01-13 03:40:00,0.7480219,0.0
2015-01-13 03:50:00,1.6849024,0.0
2015-01-13 04:00:00,3.1850657,0.0
2015-01-13 04:10:00,1.6848379,0.0
2015-01-13 04:20:00,0.9717259,0.0
2015-01-13 04:30:00,0.73966104,0.0
2015-01-13 04:40:00,0.96449006,0.0
2015-01-13 04:50:00,0.0,0.0
2015-01-13 05:00:00,0.0,0.0
2015-01-13 05:10:00,0.0,0.0
2015-01-13 05:20:00,1.2280635,0.0
2015-01-13 05:30:00,1.7176653,0.0
2015-01-13 05:40:00,0.0,0.0
2015-01-13 05:50:00,0.7351833,0.0
2015-01-13 06:00:00,2.199953,0.0
2015-01-13 06:10:00,1.2244617,0.0
2015-01-13 06:20:00,0.74547195,0.0
2015-01-13 06:30:00,0.0,0.0
2015-01-13 06:40:00,0.96801203,0.0
2015-01-13 06:50:00,1.9475683,0.0
2015-01-13 07:00:00,0.0,0.0
2015-01-13 07:10:00,0.5197243,0.0
2015-01-13 07:20:00,0.0,0.0
2015-01-13 07:30:00,1.4333171,0.0
2015-01-13 07:40:00,2.1799831,0.0
2015-01-13 07:50:00,0.0,0.0
2015-01-13 08:00:00,0.0,0.0
2015-01-13 08:10:00,0.0,0.0
2015-01-13 08:20:00,0.0,0.0
2015-01-13 08:30:00,0.0,0.0
2015-01-13 08:40:00,0.7298998,0.0
2015-01-13 08:50:00,0.0,0.0
2015-01-13 09:00:00,0.0,0.0
2015-01-13 09:10:00,0.0,0.0
2015-01-13 09:20:00,1.2018903,0.0
2015-01-13 09:30:00,0.0,0.0
2015-01-13 09:40:00,0.0,0.0
2015-01-13 09:50:00,0.0,0.0
2015-01-13 10:00:00,0.0,0.0
2015-01-13 10:10:00,0.0,0.0
2015-01-13 10:20:00,0.0,0.0
2015-01-13 10:30:00,0.0,0.0
2015-01-13 10:40:00,0.0,0.0
2015-01-13 10:50:00,0.0,0.0
2015-01-13 11:00:00,0.0,0.0
2015-01-13 11:10:00,0.0,0.0
2015-01-13 11:20:00,0.0,0.0
2015-01-13 11:30:00,0.0,0.0
2015-01-13 11:40:00,0.0,0.0
2015-01-13 11:50:00,0.0,0.0
2015-01-13 12:00:00,0.0,0.0
2015-01-13 12:10:00,0.0,0.0
2015-01-13 12:20:00,0.0,0.0
2015-01-13 12:30:00,0.0,0.0
2015-01-13 12:40:00,0.0,0.0
2015-01-13 12:50:00,0.0,0.0
2015-01-13 13:00:00,0.0,0.0
2015-01-13 13:10:00,0.0,0.0
2015-01-13 13:20:00,0.0,0.0
2015-01-13 13:30:00,0.0,0.0
2015-01-13 13:40:00,0.0,0.0
2015-01-13 13:50:00,0.0,0.0
2015-01-13 14:00:00,0.0,0.0
2015-01-13 14:10:00,0.0,0.0
2015-01-13 14:20:00,0.0,0.0
2015-01-13 14:30:00,0.0,0.0
2015-01-13 14:40:00,0.0,0.0
2015-01-13 14:50:00,0.0,0.0
2015-01-13 15:00:00,0.0,0.0
2015-01-13 15:10:00,0.0,0.0
2015-01-13 15:20:00,0.0,0.0
2015-01-13 15:30:00,0.0,0.0
2015-01-13 15:40:00,0.0,0.0
2015-01-13 15:50:00,0.0,0.0
2015-01-13 16:00:00,0.0,0.0
2015-01-13 16:10:00,0.0,0.0
2015-01-13 16:20:00,0.0,0.0
2015-01-13 16:30:00,0.0,0.0
2015-01-13 16:40:00,0.0,0.0
2015-01-13 16:50:00,0.0,0.0
2015-01-13 17:00:00,0.0,0.0
2015-01-13 17:10:00,0.0,0.0
2015-01-13 17:20:00,0.0,0.0
2015-01-13 17:30:00,0.0,0.0
2015-01-13 17:40:00,0.0,0.0
2015-01-13 17:50:00,0.0,0.0
2015-01-13 18:00:00,0.0,0.0
2015-01-13 18:10:00,0.0,0.0
2015-01-13 18:20:00,0.0,0.0
2015-01-13 18:30:00,0.0,0.0
2015-01-13 18:40:00,0.0,0.0
2015-01-13 18:50:00,0.0,0.0
2015-01-13 19:00:00,0.0,0.0
2015-01-13 19:10:00,0.0,0.0
2015-01-13 19:20:00,0.0,0.0
2015-01-13 19:30:00,0.0,0.0
2015-01-13 19:40:00,0.0,0.0
2015-01-13 19:50:00,0.0,0.0
2015-01-13 20:00:00,0.0,0.0
2015-01-13 20:10:00,0.0,0.0
2015-01-13 20:20:00,0.0,0.0
2015-01-13 20:30:00,0.0,0.0
2015-01-13 20:40:00,0.0,0.0
2015-01-13 20:50:00,0.0,0.0
2015-01-13 21:00:00,0.0,0.0
2015-01-13 21:10:00,0.0,0.0
2015-01-13 21:20:00,0.98389655,0.0
2015-01-13 21:30:00,0.0,0.0
2015-01-13 21:40:00,0.0,0.0
2015-01-13 21:50:00,0.0,0.0
2015-01-13 22:00:00,0.0,0.0
2015-01-13 22:10:00,0.0,0.0
2015-01-13 22:20:00,0.0,0.0
2015-01-13 22:30:00,0.0,0.0
2015-01-13 22:40:00,0.0,0.0
2015-01-13 22:50:00,0.0,0.0
2015-01-13 23:00:00,0.0,0.0
2015-01-13 23:10:00,0.0,0.0
2015-01-13 23:20:00,0.0,0.0
2015-01-13 23:30:00,0.0,0.0
2015-01-13 23:40:00,0.0,0.0
2015-01-13 23:50:00,0.7596161,0.0
2015-01-14 00:00:00,0.0,0.0
2015-01-14 00:10:00,1.0085433,0.0
2015-01-14 00:20:00,1.7462721,0.0
2015-01-14 00:30:00,1.4708939,0.0
2015-01-14 00:40:00,0.9872031,0.0
2015-01-14 00:50:00,0.5082398,0.0
2015-01-14 01:00:00,0.740653,0.0
2015-01-14 01:10:00,1.7013959,0.0
2015-01-14 01:20:00,3.1843789,0.0
2015-01-14 01:30:00,1.6964111,0.0
2015-01-14 01:40:00,0.9827227,0.0
2015-01-14 01:50:00,0.74365777,0.0
2015-01-14 02:00:00,0.9816564,0.0
2015-01-14 02:10:00,0.0,0.0
2015-01-14 02:20:00,0.0,0.0
2015-01-14 02:30:00,0.0,0.0
2015-01-14 02:40:00,1.1988794,0.0
2015-01-14 02:50:00,1.7162571,0.0
2015-01-14 03:00:00,0.0,0.0
2015-01-14 03:10:00,0.755106,0.0
2015-01-14 03:20:00,2.2052963,0.0
2015-01-14 03:30:00,1.2421321,0.0
2015-01-14 03:40:00,0.76440287,0.0
2015-01-14 03:50:00,0.0,0.0
2015-01-14 04:00:00,0.9512424,0.0
2015-01-14 04:10:00,1.9569432,0.0
2015-01-14 04:20:00,0.0,0.0
2015-01-14 04:30:00,0.5481698,0.0
2015-01-14 04:40:00,0.0,0.0
2015-01-14 04:50:00,1.4738445,0.0
2015-01-14 05:00:00,2.2035732,0.0
2015-01-14 05:10:00,0.0,0.0
2015-01-14 05:20:00,0.0,0.0
2015-01-14 05:30:00,0.0,0.0
2015-01-14 05:40:00,0.0,0.0
2015-01-14 05:50:00,0.0,0.0
2015-01-14 06:00:00,0.7253638,0.0
2015-01-14 06:10:00,0.0,0.0
2015-01-14 06:20:00,0.0,0.0
2015-01-14 06:30:00,0.0,0.0
2015-01-14 06:40:00,1.2188408,0.0
2015-01-14 06:50:00,0.0,0.0
2015-01-14 07:00:00,0.0,0.0
2015-01-14 07:10:00,0.0,0.0
2015-01-14 07:20:00,0.0,0.0
2015-01-14 07:30:00,0.0,0.0
2015-01-14 07:40:00,0.0,0.0
2015-01-14 07:50:00,0.0,0.0
2015-01-14 08:00:00,0.97577566,0.0
2015-01-14 08:10:00,0.0,0.0
2015-01-14 08:20:00,0.0,0.0
2015-01-14 08:30:00,0.0,0.0
2015-01-14 08:40:00,0.0,0.0
2015-01-14 08:50:00,0.0,0.0
2015-01-14 09:00:00,0.0,0.0
2015-01-14 09:10:00,0.0,0.0
2015-01-14 09:20:00,0.0,0.0
2015-01-14 09:30:00,0.0,0.0
2015-01-14 09:40:00,0.0,0.0
2015-01-14 09:50:00,0.0,0.0
2015-01-14 10:00:00,0.0,0.0
2015-01-14 10:10:00,0.0,0.0
2015-01-14 10:20:00,0.0,0.0
2015-01-14 10:30:00,0.7453691,0.0
2015-01-14 10:40:00,0.0,0.0
2015-01-14 10:50:00,0.9811246,0.0
2015-01-14 11:00:00,1.7359928,0.0
2015-01-14 11:10:00,1.468074,0.0
2015-01-14 11:20:00,0.9785742,0.0
2015-01-14 11:30:00,0.0,0.0
2015-01-14 11:40:00,0.73791146,0.0
2015-01-14 11:50:00,1.6941502,0.0
2015-01-14 12:00:00,3.184775,0.0
2015-01-14 12:10:00,1.6936778,0.0
2015-01-14 12:20:00,0.9788411,0.0
2015-01-14 12:30:00,0.73397917,0.0
2015-01-14 12:40:00,0.97037756,0.0
2015-01-14 12:50:00,0.0,0.0
2015-01-14 13:00:00,0.0,0.0
2015-01-14 13:10:00,0.0,0.0
2015-01-14 13:20:00,1.221755,0.0
2015-01-14 13:30:00,1.7209688,0.0
2015-01-14 13:40:00,0.0,0.0
2015-01-14 13:50:00,0.7381626,0.0
2015-01-14 14:00:00,2.1797976,0.0
2015-01-14 14:10:00,1.2103403,0.0
2015-01-14 14:20:00,0.73096937,0.0
2015-01-14 14:30:00,0.0,0.0
2015-01-14 14:40:00,0.9834213,0.0
2015-01-14 14:50:00,1.9698776,0.0
2015-01-14 15:00:00,0.0,0.0
2015-01-14 15:10:00,0.51715106,0.0
2015-01-14 15:20:00,0.0,0.0
2015-01-14 15:30:00,1.4865534,0.0
2015-01-14 15:40:00,2.2204983,0.0
2015-01-14 15:50:00,0.0,0.0
2015-01-14 16:00:00,0.0,0.0
2015-01-14 16:10:00,0.0,0.0
2015-01-14 16:20:00,0.0,0.0
2015-01-14 16:30:00,0.0,0.0
2015-01-14 16:40:00,0.73129725,0.0
2015-01-14 16:50:00,0.0,0.0
2015-01-14 17:00:00,0.0,0.0
2015-01-14 17:10:00,0.0,0.0
2015-01-14 17:20:00,1.21558,0.0
2015-01-14 17:30:00,0.0,0.0
2015-01-14 17:40:00,0.0,0.0
2015-01-14 17:50:00,0.0,0.0
2015-01-14 18:00:00,0.0,0.0
2015-01-14 18:10:00,0.0,0.0
2015-01-14 18:20:00,0.0,0.0
2015-01-14 18:30:00,0.0,0.0
2015-01-14 18:40:00,0.9692834,0.0
2015-01-14 18:50:00,0.0,0.0
2015-01-14 19:00:00,0.0,0.0
2015-01-14 19:10:00,0.0,0.0
2015-01-14 19:20:00,0.0,0.0
2015-01-14 19:30:00,0.0,0.0
2015-01-14 19:40:00,0.0,0.0
2015-01-14 19:50:00,0.0,0.0
2015-01-14 20:00:00,0.0,0.0
2015-01-14 20:10:00,0.0,0.0
2015-01-14 20:20:00,0.0,0.0
2015-01-14 20:30:00,0.0,0.0
2015-01-14 20:40:00,0.0,0.0
2015-01-14 20:50:00,0.0,0.0
2015-01-14 21:00:00,0.0,0.0
2015-01-14 21:10:00,0.7308025,0.0
2015-01-14 21:20:00,0.0,0.0
2015-01-14 21:30:00,0.99479884,0.0
2015-01-14 21:40:00,1.7111737,0.0
2015-01-14 21:50:00,1.48742,0.0
2015-01-14 22:00:00,0.9678484,0.0
2015-01-14 22:10:00,0.0,0.0
2015-01-14 22:20:00,0.77013266,0.0
2015-01-14 22:30:00,1.6839987,0.0
2015-01-14 22:40:00,3.1844563,0.0
2015-01-14 22:50:00,1.6553606,0.0
2015-01-14 23:00:00,0.9404425,0.0
2015-01-14 23:10:00,0.75154585,0.0
2015-01-14 23:20:00,0.9661485,0.0
2015-01-14 23:30:00,0.0,0.0
2015-01-14 23:40:00,0.0,0.0
2015-01-14 23:50:00,0.5319584,0.0
2015-01-15 00:00:00,1.2377118,0.0
2015-01-15 00:10:00,1.7734528,0.0
2015-01-15 00:20:00,0.51320547,0.0
2015-01-15 00:30:00,0.74018604,0.0
2015-01-15 00:40:00,2.1896505,0.0
2015-01-15 00:50:00,1.171893,0.0
2015-01-15 01:00:00,0.796812,0.0
2015-01-15 01:10:00,0.0,0.0
2015-01-15 01:20:00,0.9679124,0.0
2015-01-15 01:30:00,1.9483448,0.0
2015-01-15 01:40:00,0.0,0.0
2015-01-15 01:50:00,0.6043791,0.0
2015-01-15 02:00:00,0.0,0.0
2015-01-15 02:10:00,1.5002662,0.0
2015-01-15 02:20:00,2.2133508,0.0
2015-01-15 02:30:00,0.0,0.0
2015-01-15 02:40:00,0.0,0.0
2015-01-15 02:50:00,0.0,0.0
2015-01-15 03:00:00,0.0,0.0
2015-01-15 03:10:00,0.0,0.0
2015-01-15 03:20:00,0.721351,0.0
2015-01-15 03:30:00,0.0,0.0
2015-01-15 03:40:00,0.0,0.0
2015-01-15 03:50:00,0.0,0.0
2015-01-15 04:00:00,1.190811,0.0
2015-01-15 04:10:00,0.0,0.0
2015-01-15 04:20:00,0.0,0.0
2015-01-15 04:30:00,0.0,0.0
2015-01-15 04:40:00,0.0,0.0
2015-01-15 04:50:00,0.0,0.0
2015-01-15 05:00:00,0.0,0.0
2015-01-15 05:10:00,0.0,0.0
2015-01-15 05:20:00,1.0145062,0.0
2015-01-15 05:30:00,0.0,0.0
2015-01-15 05:40:00,0.0,0.0
2015-01-15 05:50:00,0.0,0.0
2015-01-15 06:00:00,0.0,0.0
2015-01-15 06:10:00,0.0,0.0
2015-01-15 06:20:00,0.0,0.0
2015-01-15 06:30:00,0.0,0.0
2015-01-15 06:40:00,0.0,0.0
2015-01-15 06:50:00,0.0,0.0
2015-01-15 07:00:00,0.0,0.0
2015-01-15 07:10:00,0.0,0.0
2015-01-15 07:20:00,0.0,0.0
2015-01-15 07:30:00,0.0,0.0
2015-01-15 07:40:00,0.0,0.0
2015-01-15 07:50:00,0.69292474,0.0
2015-01-15 08:00:00,0.0,0.0
2015-01-15 08:10:00,0.95483893,0.0
2015-01-15 08:20:00,1.637126,0.0
2015-01-15 08:30:00,1.38985,0.0
2015-01-15 08:40:00,0.95747423,0.0
2015-01-15 08:50:00,0.0,0.0
2015-01-15 09:00:00,0.65495336,0.0
2015-01-15 09:10:00,1.5827125,0.0
2015-01-15 09:20:00,3.176427,0.0
2015-01-15 09:30:00,1.6331371,0.0
2015-01-15 09:40:00,0.9698443,0.0
2015-01-15 09:50:00,0.711683,0.0
2015-01-15 10:00:00,0.93657225,0.0
2015-01-15 10:10:00,0.0,0.0
2015-01-15 10:20:00,0.0,0.0
2015-01-15 10:30:00,0.0,0.0
2015-01-15 10:40:00,1.0937283,0.0
2015-01-15 10:50:00,1.6662182,0.0
2015-01-15 11:00:00,0.0,0.0
2015-01-15 11:10:00,0.6703311,0.0
2015-01-15 11:20:00,2.0134873,0.0
2015-01-15 11:30:00,1.120698,0.0
2015-01-15 11:40:00,0.7548813,0.0
2015-01-15 11:50:00,0.0,0.0
2015-01-15 12:00:00,0.8221694,0.0
2015-01-15 12:10:00,1.8428357,0.0
2015-01-15 12:20:00,0.0,0.0
2015-01-15 12:30:00,0.59002215,0.0
2015-01-15 12:40:00,0.0,0.0
2015-01-15 12:50:00,1.4875702,0.0
2015-01-15 13:00:00,2.1329942,0.0
2015-01-15 13:10:00,0.0,0.0
2015-01-15 13:20:00,0.0,0.0
2015-01-15 13:30:00,0.0,0.0
2015-01-15 13:40:00,0.0,0.0
2015-01-15 13:50:00,0.0,0.0
2015-01-15 14:00:00,0.6762431,0.0
2015-01-15 14:10:00,0.0,0.0
2015-01-15 14:20:00,0.0,0.0
2015-01-15 14:30:00,0.0,0.0
2015-01-15 14:40:00,1.1311784,0.0
2015-01-15 14:50:00,0.0,0.0
2015-01-15 15:00:00,0.0,0.0
2015-01-15 15:10:00,0.0,0.0
2015-01-15 15:20:00,0.0,0.0
2015-01-15 15:30:00,0.0,0.0
2015-01-15 15:40:00,0.0,0.0
2015-01-15 15:50:00,0.0,0.0
2015-01-15 16:00:00,0.0,0.0
2015-01-15 16:10:00,0.0,0.0
2015-01-15 16:20:00,0.0,0.0
2015-01-15 16:30:00,0.0,0.0
2015-01-15 16:40:00,0.0,0.0
2015-01-15 16:50:00,0.0,0.0
2015-01-15 17:00:00,0.0,0.0
2015-01-15 17:10:00,0.0,0.0
2015-01-15 17:20:00,0.0,0.0
2015-01-15 17:30:00,0.0,0.0
2015-01-15 17:40:00,0.0,0.0
2015-01-15 17:50:00,0.0,0.0
2015-01-15 18:00:00,0.0,0.0
2015-01-15 18:10:00,0.0,0.0
2015-01-15 18:20:00,0.0,0.0
2015-01-15 18:30:00,0.0,0.0
2015-01-15 18:40:00,0.0,0.0
2015-01-15 18:50:00,0.0,0.0
2015-01-15 19:00:00,0.0,0.0
2015-01-15 19:10:00,0.0,0.0
2015-01-15 19:20:00,0.0,0.0
2015-01-15 19:30:00,0.0,0.0
2015-01-15 19:40:00,0.0,0.0
2015-01-15 19:50:00,0.0,0.0
2015-01-15 20:00:00,0.0,0.0
2015-01-15 20:10:00,0.0,0.0
2015-01-15 20:20:00,0.0,0.0
2015-01-15 20:30:00,0.0,0.0
2015-01-15 20:40:00,0.0,0.0
2015-01-15 20:50:00,0.0,0.0
2015-01-15 21:00:00,0.0,0.0
2015-01-15 21:10:00,0.0,0.0
2015-01-15 21:20:00,0.0,0.0
2015-01-15 21:30:00,0.0,0.0
2015-01-15 21:40:00,0.0,0.0
2015-01-15 21:50:00,0.0,0.0
2015-01-15 22:00:00,0.0,0.0
2015-01-15 22:10:00,0.0,0.0
2015-01-15 22:20:00,0.0,0.0
2015-01-15 22:30:00,0.0,0.0
2015-01-15 22:40:00,0.0,0.0
2015-01-15 22:50:00,0.0,0.0
2015-01-15 23:00:00,0.0,0.0
2015-01-15 23:10:00,0.0,0.0
2015-01-15 23:20:00,0.0,0.0
2015-01-15 23:30:00,0.0,0.0
2015-01-15 23:40:00,0.0,0.0
2015-01-15 23:50:00,0.0,0.0
2015-01-16 00:00:00,0.0,0.0
2015-01-16 00:10:00,0.0,0.0
2015-01-16 00:20:00,0.0,0.0
2015-01-16 00:30:00,0.0,0.0
2015-01-16 00:40:00,0.0,0.0
2015-01-16 00:50:00,0.0,0.0
2015-01-16 01:00:00,0.0,0.0
2015-01-16 01:10:00,0.0,0.0
2015-01-16 01:20:00,0.0,0.0
2015-01-16 01:30:00,0.0,0.0
2015-01-16 01:40:00,0.0,0.0
2015-01-16 01:50:00,0.0,0.0
2015-01-16 02:00:00,0.0,0.0
2015-01-16 02:10:00,0.0,0.0
2015-01-16 02:20:00,0.0,0.0
2015-01-16 02:30:00,0.0,0.0
2015-01-16 02:40:00,0.9952516,0.0
2015-01-16 02:50:00,0.0,0.0
2015-01-16 03:00:00,0.0,0.0
2015-01-16 03:10:00,0.0,0.0
2015-01-16 03:20:00,0.0,0.0
2015-01-16 03:30:00,0.0,0.0
2015-01-16 03:40:00,0.0,0.0
2015-01-16 03:50:00,0.0,0.0
2015-01-16 04:00:00,0.0,0.0
2015-01-16 04:10:00,0.0,0.0
2015-01-16 04:20:00,0.0,0.0
2015-01-16 04:30:00,0.0,0.0
2015-01-16 04:40:00,0.0,0.0
2015-01-16 04:50:00,0.0,0.0
2015-01-16 05:00:00,0.0,0.0
2015-01-16 05:10:00,0.75381464,0.0
2015-01-16 05:20:00,0.0,0.0
2015-01-16 05:30:00,0.98760414,0.0
2015-01-16 05:40:00,1.7245783,0.0
2015-01-16 05:50:00,1.4686825,0.0
2015-01-16 06:00:00,0.97187185,0.0
2015-01-16 06:10:00,0.50080496,0.0
2015-01-16 06:20:00,0.7421426,0.0
2015-01-16 06:30:00,1.7009127,0.0
2015-01-16 06:40:00,3.1846273,0.0
2015-01-16 06:50:00,1.6906599,0.0
2015-01-16 07:00:00,0.9707307,0.0
2015-01-16 07:10:00,0.7318663,0.0
2015-01-16 07:20:00,0.9686723,0.0
2015-01-16 07:30:00,0.0,0.0
2015-01-16 07:40:00,0.0,0.0
2015-01-16 07:50:00,0.0,0.0
2015-01-16 08:00:00,1.2112203,0.0
2015-01-16 08:10:00,1.7288102,0.0
2015-01-16 08:20:00,0.50122637,0.0
2015-01-16 08:30:00,0.75294834,0.0
2015-01-16 08:40:00,2.2124002,0.0
2015-01-16 08:50:00,1.2286564,0.0
2015-01-16 09:00:00,0.7542984,0.0
2015-01-16 09:10:00,0.0,0.0
2015-01-16 09:20:00,0.949183,0.0
2015-01-16 09:30:00,1.9429826,0.0
2015-01-16 09:40:00,0.0,0.0
2015-01-16 09:50:00,0.5931917,0.0
2015-01-16 10:00:00,0.0,0.0
2015-01-16 10:10:00,1.4886355,0.0
2015-01-16 10:20:00,2.2015712,0.0
2015-01-16 10:30:00,0.0,0.0
2015-01-16 10:40:00,0.0,0.0
2015-01-16 10:50:00,0.0,0.0
2015-01-16 11:00:00,0.0,0.0
2015-01-16 11:10:00,0.0,0.0
2015-01-16 11:20:00,0.72890115,0.0
2015-01-16 11:30:00,0.0,0.0
2015-01-16 11:40:00,0.0,0.0
2015-01-16 11:50:00,0.0,0.0
2015-01-16 12:00:00,1.2177616,0.0
2015-01-16 12:10:00,0.0,0.0
2015-01-16 12:20:00,0.0,0.0
2015-01-16 12:30:00,0.0,0.0
2015-01-16 12:40:00,0.0,0.0
2015-01-16 12:50:00,0.0,0.0
2015-01-16 13:00:00,0.0,0.0
2015-01-16 13:10:00,0.0,0.0
2015-01-16 13:20:00,0.9767623,0.0
2015-01-16 13:30:00,0.50134116,0.0
2015-01-16 13:40:00,0.0,0.0
2015-01-16 13:50:00,0.0,0.0
2015-01-16 14:00:00,0.0,0.0
2015-01-16 14:10:00,0.0,0.0
2015-01-16 14:20:00,0.0,0.0
2015-01-16 14:30:00,0.0,0.0
2015-01-16 14:40:00,0.0,0.0
2015-01-16 14:50:00,0.0,0.0
2015-01-16 15:00:00,0.0,0.0
2015-01-16 15:10:00,0.0,0.0
2015-01-16 15:20:00,0.0,0.0
2015-01-16 15:30:00,0.0,0.0
2015-01-16 15:40:00,0.0,0.0
2015-01-16 15:50:00,0.74059165,0.0
2015-01-16 16:00:00,0.0,0.0
2015-01-16 16:10:00,0.967017,0.0
2015-01-16 16:20:00,1.7234846,0.0
2015-01-16 16:30:00,1.476593,0.0
2015-01-16 16:40:00,0.99382776,0.0
2015-01-16 16:50:00,0.50988644,0.0
2015-01-16 17:00:00,0.74691707,0.0
2015-01-16 17:10:00,1.6887726,0.0
2015-01-16 17:20:00,3.1848304,0.0
2015-01-16 17:30:00,1.7090437,0.0
2015-01-16 17:40:00,0.99040407,0.0
2015-01-16 17:50:00,0.7486455,0.0
2015-01-16 18:00:00,0.992952,0.0
2015-01-16 18:10:00,0.0,0.0
2015-01-16 18:20:00,0.0,0.0
2015-01-16 18:30:00,0.0,0.0
2015-01-16 18:40:00,1.182162,0.0
2015-01-16 18:50:00,1.7231234,0.0
2015-01-16 19:00:00,0.503612,0.0
2015-01-16 19:10:00,0.7621897,0.0
2015-01-16 19:20:00,2.211428,0.0
2015-01-16 19:30:00,1.2175863,0.0
2015-01-16 19:40:00,0.74765766,0.0
2015-01-16 19:50:00,0.0,0.0
2015-01-16 20:00:00,0.94170326,0.0
2015-01-16 20:10:00,1.9485306,0.0
2015-01-16 20:20:00,0.0,0.0
2015-01-16 20:30:00,0.5429351,0.0
2015-01-16 20:40:00,0.0,0.0
2015-01-16 20:50:00,1.4808067,0.0
2015-01-16 21:00:00,2.1930702,0.0
2015-01-16 21:10:00,0.0,0.0
2015-01-16 21:20:00,0.0,0.0
2015-01-16 21:30:00,0.0,0.0
2015-01-16 21:40:00,0.0,0.0
2015-01-16 21:50:00,0.0,0.0
2015-01-16 22:00:00,0.7352203,0.0
2015-01-16 22:10:00,0.0,0.0
2015-01-16 22:20:00,0.0,0.0
2015-01-16 22:30:00,0.0,0.0
2015-01-16 22:40:00,1.201907,0.0
2015-01-16 22:50:00,0.0,0.0
2015-01-16 23:00:00,0.0,0.0
2015-01-16 23:10:00,0.0,0.0
2015-01-16 23:20:00,0.0,0.0
2015-01-16 23:30:00,0.0,0.0
2015-01-16 23:40:00,0.0,0.0
2015-01-16 23:50:00,0.0,0.0
2015-01-17 00:00:00,0.0,0.0
2015-01-17 00:10:00,0.0,0.0
2015-01-17 00:20:00,0.0,0.0
2015-01-17 00:30:00,0.0,0.0
2015-01-17 00:40:00,0.0,0.0
2015-01-17 00:50:00,0.0,0.0
2015-01-17 01:00:00,0.0,0.0
2015-01-17 01:10:00,0.0,0.0
2015-01-17 01:20:00,0.0,0.0
2015-01-17 01:30:00,0.0,0.0
2015-01-17 01:40:00,0.0,0.0
2015-01-17 01:50:00,0.0,0.0
2015-01-17 02:00:00,0.0,0.0
2015-01-17 02:10:00,0.0,0.0
2015-01-17 02:20:00,0.0,0.0
2015-01-17 02:30:00,0.0,0.0
2015-01-17 02:40:00,0.0,0.0
2015-01-17 02:50:00,0.0,0.0
2015-01-17 03:00:00,0.0,0.0
2015-01-17 03:10:00,0.0,0.0
2015-01-17 03:20:00,0.0,0.0
2015-01-17 03:30:00,0.0,0.0
2015-01-17 03:40:00,0.0,0.0
2015-01-17 03:50:00,0.0,0.0
2015-01-17 04:00:00,0.0,0.0
2015-01-17 04:10:00,0.0,0.0
2015-01-17 04:20:00,0.0,0.0
2015-01-17 04:30:00,0.0,0.0
2015-01-17 04:40:00,0.0,0.0
2015-01-17 04:50:00,0.0,0.0
2015-01-17 05:00:00,0.0,0.0
2015-01-17 05:10:00,0.0,0.0
2015-01-17 05:20:00,0.0,0.0
2015-01-17 05:30:00,0.0,0.0
2015-01-17 05:40:00,0.0,0.0
2015-01-17 05:50:00,0.0,0.0
2015-01-17 06:00:00,0.0,0.0
2015-01-17 06:10:00,0.0,0.0
2015-01-17 06:20:00,0.0,0.0
2015-01-17 06:30:00,0.0,0.0
2015-01-17 06:40:00,0.0,0.0
2015-01-17 06:50:00,0.0,0.0
2015-01-17 07:00:00,0.0,0.0
2015-01-17 07:10:00,0.0,0.0
2015-01-17 07:20:00,0.0,0.0
2015-01-17 07:30:00,0.0,0.0
2015-01-17 07:40:00,0.0,0.0
2015-01-17 07:50:00,0.0,0.0
2015-01-17 08:00:00,0.0,0.0
2015-01-17 08:10:00,0.0,0.0
2015-01-17 08:20:00,0.0,0.0
2015-01-17 08:30:00,0.0,0.0
2015-01-17 08:40:00,0.0,0.0
2015-01-17 08:50:00,0.0,0.0
2015-01-17 09:00:00,0.0,0.0
2015-01-17 09:10:00,0.0,0.0
2015-01-17 09:20:00,0.0,0.0
2015-01-17 09:30:00,0.0,0.0
2015-01-17 09:40:00,0.0,0.0
2015-01-17 09:50:00,0.0,0.0
2015-01-17 10:00:00,0.0,0.0
2015-01-17 10:10:00,0.0,0.0
2015-01-17 10:20:00,0.0,0.0
2015-01-17 10:30:00,0.0,0.0
2015-01-17 10:40:00,0.96932745,0.0
2015-01-17 10:50:00,0.0,0.0
2015-01-17 11:00:00,0.0,0.0
2015-01-17 11:10:00,0.0,0.0
2015-01-17 11:20:00,0.0,0.0
2015-01-17 11:30:00,0.0,0.0
2015-01-17 11:40:00,0.0,0.0
2015-01-17 11:50:00,0.0,0.0
2015-01-17 12:00:00,0.0,0.0
2015-01-17 12:10:00,0.0,0.0
2015-01-17 12:20:00,0.0,0.0
2015-01-17 12:30:00,0.0,0.0
2015-01-17 12:40:00,0.0,0.0
2015-01-17 12:50:00,0.0,0.0
2015-01-17 13:00:00,0.0,0.0
2015-01-17 13:10:00,0.73744726,0.0
2015-01-17 13:20:00,0.0,0.0
2015-01-17 13:30:00,0.9635026,0.0
2015-01-17 13:40:00,1.7119213,0.0
2015-01-17 13:50:00,1.4647812,0.0
2015-01-17 14:00:00,0.98709786,0.0
2015-01-17 14:10:00,0.0,0.0
2015-01-17 14:20:00,0.7488817,0.0
2015-01-17 14:30:00,1.7099043,0.0
2015-01-17 14:40:00,3.185395,0.0
2015-01-17 14:50:00,1.7476025,0.0
2015-01-17 15:00:00,1.0049744,0.0
2015-01-17 15:10:00,0.7389067,0.0
2015-01-17 15:20:00,0.980085,0.0
2015-01-17 15:30:00,0.0,0.0
2015-01-17 15:40:00,0.0,0.0
2015-01-17 15:50:00,0.0,0.0
2015-01-17 16:00:00,1.1533082,0.0
2015-01-17 16:10:00,1.6516999,0.0
2015-01-17 16:20:00,0.0,0.0
2015-01-17 16:30:00,0.7387225,0.0
2015-01-17 16:40:00,2.231959,0.0
2015-01-17 16:50:00,1.2774547,0.0
2015-01-17 17:00:00,0.6874444,0.0
2015-01-17 17:10:00,0.0,0.0
2015-01-17 17:20:00,0.99260056,0.0
2015-01-17 17:30:00,1.9730818,0.0
2015-01-17 17:40:00,0.0,0.0
2015-01-17 17:50:00,0.0,0.0
2015-01-17 18:00:00,0.0,0.0
2015-01-17 18:10:00,1.4348506,0.0
2015-01-17 18:20:00,2.198433,0.0
2015-01-17 18:30:00,0.0,0.0
2015-01-17 18:40:00,0.0,0.0
2015-01-17 18:50:00,0.0,0.0
2015-01-17 19:00:00,0.0,0.0
2015-01-17 19:10:00,0.0,0.0
2015-01-17 19:20:00,0.7326033,0.0
2015-01-17 19:30:00,0.0,0.0
2015-01-17 19:40:00,0.0,0.0
2015-01-17 19:50:00,0.0,0.0
2015-01-17 20:00:00,1.212267,0.0
2015-01-17 20:10:00,0.0,0.0
2015-01-17 20:20:00,0.0,0.0
2015-01-17 20:30:00,0.0,0.0
2015-01-17 20:40:00,0.0,0.0
2015-01-17 20:50:00,0.0,0.0
2015-01-17 21:00:00,0.0,0.0
2015-01-17 21:10:00,0.0,0.0
2015-01-17 21:20:00,1.0078367,0.0
2015-01-17 21:30:00,0.5064308,0.0
2015-01-17 21:40:00,0.0,0.0
2015-01-17 21:50:00,0.0,0.0
2015-01-17 22:00:00,0.0,0.0
2015-01-17 22:10:00,0.0,0.0
2015-01-17 22:20:00,0.0,0.0
2015-01-17 22:30:00,0.0,0.0
2015-01-17 22:40:00,0.0,0.0
2015-01-17 22:50:00,0.0,0.0
2015-01-17 23:00:00,0.0,0.0
2015-01-17 23:10:00,0.0,0.0
2015-01-17 23:20:00,0.0,0.0
2015-01-17 23:30:00,0.0,0.0
2015-01-17 23:40:00,0.0,0.0
2015-01-17 23:50:00,0.7474466,0.0
2015-01-18 00:00:00,0.0,0.0
2015-01-18 00:10:00,1.0058817,0.0
2015-01-18 00:20:00,1.7479929,0.0
2015-01-18 00:30:00,1.4410961,0.0
2015-01-18 00:40:00,0.957911,0.0
2015-01-18 00:50:00,0.0,0.0
2015-01-18 01:00:00,0.7373722,0.0
2015-01-18 01:10:00,1.724192,0.0
2015-01-18 01:20:00,3.1850705,0.0
2015-01-18 01:30:00,1.730265,0.0
2015-01-18 01:40:00,1.0123333,0.0
2015-01-18 01:50:00,0.74655706,0.0
2015-01-18 02:00:00,1.0080781,0.0
2015-01-18 02:10:00,0.0,0.0
2015-01-18 02:20:00,0.0,0.0
2015-01-18 02:30:00,0.0,0.0
2015-01-18 02:40:00,1.1301202,0.0
2015-01-18 02:50:00,1.6619376,0.0
2015-01-18 03:00:00,0.0,0.0
2015-01-18 03:10:00,0.7469334,0.0
2015-01-18 03:20:00,2.2005055,0.0
2015-01-18 03:30:00,1.2491477,0.0
2015-01-18 03:40:00,0.7160829,0.0
2015-01-18 03:50:00,0.0,0.0
2015-01-18 04:00:00,0.92872965,0.0
2015-01-18 04:10:00,1.9403943,0.0
2015-01-18 04:20:00,0.0,0.0
2015-01-18 04:30:00,0.5277664,0.0
2015-01-18 04:40:00,0.0,0.0
2015-01-18 04:50:00,1.4341859,0.0
2015-01-18 05:00:00,2.1890607,0.0
2015-01-18 05:10:00,0.0,0.0
2015-01-18 05:20:00,0.0,0.0
2015-01-18 05:30:00,0.0,0.0
2015-01-18 05:40:00,0.0,0.0
2015-01-18 05:50:00,0.0,0.0
2015-01-18 06:00:00,0.72428185,0.0
2015-01-18 06:10:00,0.0,0.0
2015-01-18 06:20:00,0.0,0.0
2015-01-18 06:30:00,0.0,0.0
2015-01-18 06:40:00,1.205871,0.0
2015-01-18 06:50:00,0.0,0.0
2015-01-18 07:00:00,0.0,0.0
2015-01-18 07:10:00,0.0,0.0
2015-01-18 07:20:00,0.0,0.0
2015-01-18 07:30:00,0.0,0.0
2015-01-18 07:40:00,0.0,0.0
2015-01-18 07:50:00,0.0,0.0
2015-01-18 08:00:00,0.9933052,0.0
2015-01-18 08:10:00,0.0,0.0
2015-01-18 08:20:00,0.0,0.0
2015-01-18 08:30:00,0.0,0.0
2015-01-18 08:40:00,0.0,0.0
2015-01-18 08:50:00,0.0,0.0
2015-01-18 09:00:00,0.0,0.0
2015-01-18 09:10:00,0.0,0.0
2015-01-18 09:20:00,0.0,0.0
2015-01-18 09:30:00,0.0,0.0
2015-01-18 09:40:00,0.0,0.0
2015-01-18 09:50:00,0.0,0.0
2015-01-18 10:00:00,0.0,0.0
2015-01-18 10:10:00,0.0,0.0
2015-01-18 10:20:00,0.0,0.0
2015-01-18 10:30:00,0.74888015,0.0
2015-01-18 10:40:00,0.0,0.0
2015-01-18 10:50:00,0.98691416,0.0
2015-01-18 11:00:00,1.7284454,0.0
2015-01-18 11:10:00,1.4804705,0.0
2015-01-18 11:20:00,0.9870767,0.0
2015-01-18 11:30:00,0.50875014,0.0
2015-01-18 11:40:00,0.7185469,0.0
2015-01-18 11:50:00,1.6996235,0.0
2015-01-18 12:00:00,3.1848156,0.0
2015-01-18 12:10:00,1.7204638,0.0
2015-01-18 12:20:00,1.0021142,0.0
2015-01-18 12:30:00,0.74801624,0.0
2015-01-18 12:40:00,0.9926184,0.0
2015-01-18 12:50:00,0.0,0.0
2015-01-18 13:00:00,0.0,0.0
2015-01-18 13:10:00,0.0,0.0
2015-01-18 13:20:00,1.1466178,0.0
2015-01-18 13:30:00,1.6799204,0.0
2015-01-18 13:40:00,0.0,0.0
2015-01-18 13:50:00,0.75178766,0.0
2015-01-18 14:00:00,2.2032037,0.0
2015-01-18 14:10:00,1.2697971,0.0
2015-01-18 14:20:00,0.74157065,0.0
2015-01-18 14:30:00,0.0,0.0
2015-01-18 14:40:00,0.9166382,0.0
2015-01-18 14:50:00,1.9592947,0.0
2015-01-18 15:00:00,0.0,0.0
2015-01-18 15:10:00,0.5037753,0.0
2015-01-18 15:20:00,0.0,0.0
2015-01-18 15:30:00,1.4444515,0.0
2015-01-18 15:40:00,2.196912,0.0
2015-01-18 15:50:00,0.0,0.0
2015-01-18 16:00:00,0.0,0.0
2015-01-18 16:10:00,0.0,0.0
2015-01-18 16:20:00,0.0,0.0
2015-01-18 16:30:00,0.0,0.0
2015-01-18 16:40:00,0.72562563,0.0
2015-01-18 16:50:00,0.0,0.0
2015-01-18 17:00:00,0.0,0.0
2015-01-18 17:10:00,0.0,0.0
2015-01-18 17:20:00,1.2139257,0.0
2015-01-18 17:30:00,0.0,0.0
2015-01-18 17:40:00,0.0,0.0
2015-01-18 17:50:00,0.0,0.0
2015-01-18 18:00:00,0.0,0.0
2015-01-18 18:10:00,0.0,0.0
2015-01-18 18:20:00,0.0,0.0
2015-01-18 18:30:00,0.0,0.0
2015-01-18 18:40:00,0.9690819,0.0
2015-01-18 18:50:00,0.0,0.0
2015-01-18 19:00:00,0.0,0.0
2015-01-18 19:10:00,0.0,0.0
2015-01-18 19:20:00,0.0,0.0
2015-01-18 19:30:00,0.0,0.0
2015-01-18 19:40:00,0.0,0.0
2015-01-18 19:50:00,0.0,0.0
2015-01-18 20:00:00,0.0,0.0
2015-01-18 20:10:00,0.0,0.0
2015-01-18 20:20:00,0.0,0.0
2015-01-18 20:30:00,0.0,0.0
2015-01-18 20:40:00,0.0,0.0
2015-01-18 20:50:00,0.0,0.0
2015-01-18 21:00:00,0.0,0.0
2015-01-18 21:10:00,0.7547762,0.0
2015-01-18 21:20:00,0.0,0.0
2015-01-18 21:30:00,0.9879053,0.0
2015-01-18 21:40:00,1.725812,0.0
2015-01-18 21:50:00,1.4643296,0.0
2015-01-18 22:00:00,0.96781534,0.0
2015-01-18 22:10:00,0.0,0.0
2015-01-18 22:20:00,0.7310129,0.0
2015-01-18 22:30:00,1.7144343,1.4
2015-01-18 22:40:00,3.184799,0.0
2015-01-18 22:50:00,1.7038888,0.0
2015-01-18 23:00:00,0.99267066,0.0
2015-01-18 23:10:00,0.7344428,0.0
2015-01-18 23:20:00,0.9874134,0.0
2015-01-18 23:30:00,0.0,0.0
2015-01-18 23:40:00,0.0,0.0
2015-01-18 23:50:00,0.0,0.0
2015-01-19 00:00:00,1.2025055,0.0
2015-01-19 00:10:00,1.7061265,0.0
2015-01-19 00:20:00,0.0,0.0
2015-01-19 00:30:00,0.745775,0.0
2015-01-19 00:40:00,2.2030892,0.0
2015-01-19 00:50:00,1.2372967,0.0
2015-01-19 01:00:00,0.7436847,0.0
2015-01-19 01:10:00,0.0,0.0
2015-01-19 01:20:00,0.966351,0.0
2015-01-19 01:30:00,1.9484726,0.0
2015-01-19 01:40:00,0.0,0.0
2015-01-19 01:50:00,0.54982823,0.0
2015-01-19 02:00:00,0.0,0.0
2015-01-19 02:10:00,1.4823655,0.0
2015-01-19 02:20:00,2.2096462,0.0
2015-01-19 02:30:00,0.0,0.0
2015-01-19 02:40:00,0.0,0.0
2015-01-19 02:50:00,0.0,0.0
2015-01-19 03:00:00,0.0,0.0
2015-01-19 03:10:00,0.0,0.0
2015-01-19 03:20:00,0.7308785,0.0
2015-01-19 03:30:00,0.0,0.0
2015-01-19 03:40:00,0.0,0.0
2015-01-19 03:50:00,0.0,0.0
2015-01-19 04:00:00,1.2146171,0.0
2015-01-19 04:10:00,0.0,0.0
2015-01-19 04:20:00,0.0,0.0
2015-01-19 04:30:00,0.0,0.0
2015-01-19 04:40:00,0.0,0.0
2015-01-19 04:50:00,0.0,0.0
2015-01-19 05:00:00,0.0,0.0
2015-01-19 05:10:00,0.0,0.0
2015-01-19 05:20:00,0.9784012,0.0
2015-01-19 05:30:00,0.0,0.0
2015-01-19 05:40:00,0.0,0.0
2015-01-19 05:50:00,0.0,0.0
2015-01-19 06:00:00,0.0,0.0
2015-01-19 06:10:00,0.0,0.0
2015-01-19 06:20:00,0.0,0.0
2015-01-19 06:30:00,0.0,0.0
2015-01-19 06:40:00,0.0,0.0
2015-01-19 06:50:00,0.0,0.0
2015-01-19 07:00:00,0.0,0.0
2015-01-19 07:10:00,0.0,0.0
2015-01-19 07:20:00,0.0,0.0
2015-01-19 07:30:00,0.0,0.0
2015-01-19 07:40:00,0.0,0.0
2015-01-19 07:50:00,0.7472242,0.0
2015-01-19 08:00:00,0.0,0.0
2015-01-19 08:10:00,1.0018997,0.0
2015-01-19 08:20:00,1.7140257,0.0
2015-01-19 08:30:00,1.462921,0.0
2015-01-19 08:40:00,0.9759232,0.0
2015-01-19 08:50:00,0.50387275,0.0
2015-01-19 09:00:00,0.71724576,0.0
2015-01-19 09:10:00,1.7041558,0.0
2015-01-19 09:20:00,3.184475,0.0
2015-01-19 09:30:00,1.7133449,0.0
2015-01-19 09:40:00,1.0106124,0.0
2015-01-19 09:50:00,0.7340998,0.0
2015-01-19 10:00:00,0.9384,0.0
2015-01-19 10:10:00,0.0,0.0
2015-01-19 10:20:00,0.0,0.0
2015-01-19 10:30:00,0.0,0.0
2015-01-19 10:40:00,1.1451285,0.0
2015-01-19 10:50:00,1.6867323,0.0
2015-01-19 11:00:00,0.0,0.0
2015-01-19 11:10:00,0.73509187,0.0
2015-01-19 11:20:00,2.1956625,0.0
2015-01-19 11:30:00,1.2811449,0.0
2015-01-19 11:40:00,0.77468127,0.0
2015-01-19 11:50:00,0.0,0.0
2015-01-19 12:00:00,0.91499704,0.0
2015-01-19 12:10:00,1.937692,0.0
2015-01-19 12:20:00,0.0,0.0
2015-01-19 12:30:00,0.0,0.0
2015-01-19 12:40:00,0.0,0.0
2015-01-19 12:50:00,1.3758525,0.0
2015-01-19 13:00:00,2.2009156,0.0
2015-01-19 13:10:00,0.0,0.0
2015-01-19 13:20:00,0.0,0.0
2015-01-19 13:30:00,0.0,0.0
2015-01-19 13:40:00,0.0,0.0
2015-01-19 13:50:00,0.0,0.0
2015-01-19 14:00:00,0.7097951,0.0
2015-01-19 14:10:00,0.0,0.0
2015-01-19 14:20:00,0.0,0.0
2015-01-19 14:30:00,0.0,0.0
2015-01-19 14:40:00,1.2249212,0.0
2015-01-19 14:50:00,0.0,0.0
2015-01-19 15:00:00,0.0,0.0
2015-01-19 15:10:00,0.0,0.0
2015-01-19 15:20:00,0.0,0.0
2015-01-19 15:30:00,0.0,0.0
2015-01-19 15:40:00,0.0,0.0
2015-01-19 15:50:00,0.0,0.0
2015-01-19 16:00:00,0.0,0.0
2015-01-19 16:10:00,0.0,0.0
2015-01-19 16:20:00,0.0,0.0
2015-01-19 16:30:00,0.0,0.0
2015-01-19 16:40:00,0.0,0.0
2015-01-19 16:50:00,0.0,0.0
2015-01-19 17:00:00,0.0,0.0
2015-01-19 17:10:00,0.0,0.0
2015-01-19 17:20:00,0.0,0.0
2015-01-19 17:30:00,0.0,0.0
2015-01-19 17:40:00,0.0,0.0
2015-01-19 17:50:00,0.0,0.0
2015-01-19 18:00:00,0.0,0.0
2015-01-19 18:10:00,0.0,0.0
2015-01-19 18:20:00,0.0,0.0
2015-01-19 18:30:00,0.0,0.0
2015-01-19 18:40:00,0.0,0.0
2015-01-19 18:50:00,0.0,0.0
2015-01-19 19:00:00,0.0,0.0
2015-01-19 19:10:00,0.0,0.0
2015-01-19 19:20:00,0.0,0.0
2015-01-19 19:30:00,0.0,0.0
2015-01-19 19:40:00,0.0,0.0
2015-01-19 19:50:00,0.0,0.0
2015-01-19 20:00:00,0.0,0.0
2015-01-19 20:10:00,0.0,0.0
2015-01-19 20:20:00,0.0,0.0
2015-01-19 20:30:00,0.0,0.0
2015-01-19 20:40:00,0.0,0.0
2015-01-19 20:50:00,0.0,0.0
2015-01-19 21:00:00,0.0,0.0
2015-01-19 21:10:00,0.0,0.0
2015-01-19 21:20:00,0.0,0.0
2015-01-19 21:30:00,0.0,0.0
2015-01-19 21:40:00,0.0,0.0
2015-01-19 21:50:00,0.0,0.0
2015-01-19 22:00:00,0.0,0.0
2015-01-19 22:10:00,0.0,0.0
2015-01-19 22:20:00,0.0,0.0
2015-01-19 22:30:00,0.0,0.0
2015-01-19 22:40:00,0.0,0.0
2015-01-19 22:50:00,0.0,0.0
2015-01-19 23:00:00,0.0,0.0
2015-01-19 23:10:00,0.0,0.0
2015-01-19 23:20:00,0.0,0.0
2015-01-19 23:30:00,0.0,0.0
2015-01-19 23:40:00,0.0,0.0
2015-01-19 23:50:00,0.0,0.0
2015-01-20 00:00:00,0.0,0.0
2015-01-20 00:10:00,0.0,0.0
2015-01-20 00:20:00,0.0,0.0
2015-01-20 00:30:00,0.0,0.0
2015-01-20 00:40:00,0.0,0.0
2015-01-20 00:50:00,0.0,0.0
2015-01-20 01:00:00,0.0,0.0
2015-01-20 01:10:00,0.0,0.0
2015-01-20 01:20:00,0.0,0.0
2015-01-20 01:30:00,0.0,0.0
2015-01-20 01:40:00,0.0,0.0
2015-01-20 01:50:00,0.0,0.0
2015-01-20 02:00:00,0.0,0.0
2015-01-20 02:10:00,0.0,0.0
2015-01-20 02:20:00,0.0,0.0
2015-01-20 02:30:00,0.0,0.0
