Frequency,DateTime,Pmin,Pmax,PathLength,XStart,YStart,XEnd,YEnd,ID,Start_Concat,End_Concat,Time,PowerTLTMmax[dBm],PowerTLTMmin[dBm]
39.263,201106090815,-61.0,-59.0,3.12961,4.75907,52.41104,4.7889,52.38963,XJHB-jwZI,52.41104 4.75907,52.38963 4.7889,09/06/2011 08:15,5,3
39.263,201106090830,-61.0,-59.0,3.12961,4.75907,52.41104,4.7889,52.38963,XJHB-jwZI,52.41104 4.75907,52.38963 4.7889,09/06/2011 08:30,5,3
39.263,201106090845,-61.0,-59.0,3.12961,4.75907,52.41104,4.7889,52.38963,XJHB-jwZI,52.41104 4.75907,52.38963 4.7889,09/06/2011 08:45,5,3
39.263,201106090900,-61.0,-59.0,3.12961,4.75907,52.41104,4.7889,52.38963,XJHB-jwZI,52.41104 4.75907,52.38963 4.7889,09/06/2011 09:00,5,3
39.263,201106090915,-61.0,-59.0,3.12961,4.75907,52.41104,4.7889,52.38963,XJHB-jwZI,52.41104 4.75907,52.38963 4.7889,09/06/2011 09:15,5,3
39.263,201106090930,-61.0,-59.0,3.12961,4.75907,52.41104,4.7889,52.38963,XJHB-jwZI,52.41104 4.75907,52.38963 4.7889,09/06/2011 09:30,5,3
39.263,201106090945,-61.0,-59.0,3.12961,4.75907,52.41104,4.7889,52.38963,XJHB-jwZI,52.41104 4.75907,52.38963 4.7889,09/06/2011 09:45,5,3
39.263,201106091000,-61.0,-59.0,3.12961,4.75907,52.41104,4.7889,52.38963,XJHB-jwZI,52.41104 4.75907,52.38963 4.7889,09/06/2011 10:00,5,3
39.263,201106091015,-61.0,-59.0,3.12961,4.75907,52.41104,4.7889,52.38963,XJHB-jwZI,52.41104 4.75907,52.38963 4.7889,09/06/2011 10:15,5,3
39.263,201106091030,-61.0,-59.0,3.12961,4.75907,52.41104,4.7889,52.38963,XJHB-jwZI,52.41104 4.75907,52.38963 4.7889,09/06/2011 10:30,5,3
39.263,201106091045,-61.0,-59.0,3.12961,4.75907,52.41104,4.7889,52.38963,XJHB-jwZI,52.41104 4.75907,52.38963 4.7889,09/06/2011 10:45,5,3
39.263,201106091100,-61.0,-59.0,3.12961,4.75907,52.41104,4.7889,52.38963,XJHB-jwZI,52.41104 4.75907,52.38963 4.7889,09/06/2011 11:00,5,3
39.263,201106091115,-61.0,-59.0,3.12961,4.75907,52.41104,4.7889,52.38963,XJHB-jwZI,52.41104 4.75907,52.38963 4.7889,09/06/2011 11:15,5,3
39.263,201106091130,-61.0,-59.0,3.12961,4.75907,52.41104,4.7889,52.38963,XJHB-jwZI,52.41104 4.75907,52.38963 4.7889,09/06/2011 11:30,5,3
39.263,201106091145,-61.0,-59.0,3.12961,4.75907,52.41104,4.7889,52.38963,XJHB-jwZI,52.41104 4.75907,52.38963 4.7889,09/06/2011 11:45,5,3
39.263,201106091200,-62.0,-59.0,3.12961,4.75907,52.41104,4.7889,52.38963,XJHB-jwZI,52.41104 4.75907,52.38963 4.7889,09/06/2011 12:00,5,3
39.263,201106091215,-61.0,-59.0,3.12961,4.75907,52.41104,4.7889,52.38963,XJHB-jwZI,52.41104 4.75907,52.38963 4.7889,09/06/2011 12:15,5,3
39.263,201106091230,-62.0,-60.0,3.12961,4.75907,52.41104,4.7889,52.38963,XJHB-jwZI,52.41104 4.75907,52.38963 4.7889,09/06/2011 12:30,5,3
39.263,201106091245,-62.0,-59.0,3.12961,4.75907,52.41104,4.7889,52.38963,XJHB-jwZI,52.41104 4.75907,52.38963 4.7889,09/06/2011 12:45,5,3
39.263,201106091300,-61.0,-59.0,3.12961,4.75907,52.41104,4.7889,52.38963,XJHB-jwZI,52.41104 4.75907,52.38963 4.7889,09/06/2011 13:00,5,3
39.263,201106091315,-62.0,-60.0,3.12961,4.75907,52.41104,4.7889,52.38963,XJHB-jwZI,52.41104 4.75907,52.38963 4.7889,09/06/2011 13:15,5,3
39.263,201106091330,-61.0,-59.0,3.12961,4.75907,52.41104,4.7889,52.38963,XJHB-jwZI,52.41104 4.75907,52.38963 4.7889,09/06/2011 13:30,5,3
39.263,201106091345,-61.0,-59.0,3.12961,4.75907,52.41104,4.7889,52.38963,XJHB-jwZI,52.41104 4.75907,52.38963 4.7889,09/06/2011 13:45,5,3
39.263,201106091400,-62.0,-59.0,3.12961,4.75907,52.41104,4.7889,52.38963,XJHB-jwZI,52.41104 4.75907,52.38963 4.7889,09/06/2011 14:00,5,3
39.263,201106091415,-62.0,-60.0,3.12961,4.75907,52.41104,4.7889,52.38963,XJHB-jwZI,52.41104 4.75907,52.38963 4.7889,09/06/2011 14:15,5,3
39.263,201106091430,-62.0,-59.0,3.12961,4.75907,52.41104,4.7889,52.38963,XJHB-jwZI,52.41104 4.75907,52.38963 4.7889,09/06/2011 14:30,5,3
39.263,201106091445,-62.0,-60.0,3.12961,4.75907,52.41104,4.7889,52.38963,XJHB-jwZI,52.41104 4.75907,52.38963 4.7889,09/06/2011 14:45,5,3
39.263,201106091500,-62.0,-60.0,3.12961,4.75907,52.41104,4.7889,52.38963,XJHB-jwZI,52.41104 4.75907,52.38963 4.7889,09/06/2011 15:00,5,3
39.263,201106091515,-62.0,-60.0,3.12961,4.75907,52.41104,4.7889,52.38963,XJHB-jwZI,52.41104 4.75907,52.38963 4.7889,09/06/2011 15:15,5,3
39.263,201106091530,-62.0,-60.0,3.12961,4.75907,52.41104,4.7889,52.38963,XJHB-jwZI,52.41104 4.75907,52.38963 4.7889,09/06/2011 15:30,5,3
39.263,201106091545,-62.0,-60.0,3.12961,4.75907,52.41104,4.7889,52.38963,XJHB-jwZI,52.41104 4.75907,52.38963 4.7889,09/06/2011 15:45,5,3
39.263,201106091600,-62.0,-60.0,3.12961,4.75907,52.41104,4.7889,52.38963,XJHB-jwZI,52.41104 4.75907,52.38963 4.7889,09/06/2011 16:00,5,3
39.263,201106091630,-62.0,-60.0,3.12961,4.75907,52.41104,4.7889,52.38963,XJHB-jwZI,52.41104 4.75907,52.38963 4.7889,09/06/2011 16:30,5,3
39.263,201106091645,-62.0,-60.0,3.12961,4.75907,52.41104,4.7889,52.38963,XJHB-jwZI,52.41104 4.75907,52.38963 4.7889,09/06/2011 16:45,5,3
39.263,201106091700,-62.0,-60.0,3.12961,4.75907,52.41104,4.7889,52.38963,XJHB-jwZI,52.41104 4.75907,52.38963 4.7889,09/06/2011 17:00,5,3
39.263,201106091715,-62.0,-60.0,3.12961,4.75907,52.41104,4.7889,52.38963,XJHB-jwZI,52.41104 4.75907,52.38963 4.7889,09/06/2011 17:15,5,3
39.263,201106091730,-62.0,-60.0,3.12961,4.75907,52.41104,4.7889,52.38963,XJHB-jwZI,52.41104 4.75907,52.38963 4.7889,09/06/2011 17:30,5,3
39.263,201106091745,-62.0,-60.0,3.12961,4.75907,52.41104,4.7889,52.38963,XJHB-jwZI,52.41104 4.75907,52.38963 4.7889,09/06/2011 17:45,5,3
39.263,201106091800,-62.0,-60.0,3.12961,4.75907,52.41104,4.7889,52.38963,XJHB-jwZI,52.41104 4.75907,52.38963 4.7889,09/06/2011 18:00,5,3
39.263,201106091815,-62.0,-60.0,3.12961,4.75907,52.41104,4.7889,52.38963,XJHB-jwZI,52.41104 4.75907,52.38963 4.7889,09/06/2011 18:15,5,3
39.263,201106091830,-62.0,-60.0,3.12961,4.75907,52.41104,4.7889,52.38963,XJHB-jwZI,52.41104 4.75907,52.38963 4.7889,09/06/2011 18:30,5,3
39.263,201106091845,-62.0,-60.0,3.12961,4.75907,52.41104,4.7889,52.38963,XJHB-jwZI,52.41104 4.75907,52.38963 4.7889,09/06/2011 18:45,5,3
39.263,201106091900,-62.0,-60.0,3.12961,4.75907,52.41104,4.7889,52.38963,XJHB-jwZI,52.41104 4.75907,52.38963 4.7889,09/06/2011 19:00,5,3
39.263,201106091915,-62.0,-60.0,3.12961,4.75907,52.41104,4.7889,52.38963,XJHB-jwZI,52.41104 4.75907,52.38963 4.7889,09/06/2011 19:15,5,3
39.263,201106091930,-62.0,-60.0,3.12961,4.75907,52.41104,4.7889,52.38963,XJHB-jwZI,52.41104 4.75907,52.38963 4.7889,09/06/2011 19:30,5,3
39.263,201106091945,-62.0,-60.0,3.12961,4.75907,52.41104,4.7889,52.38963,XJHB-jwZI,52.41104 4.75907,52.38963 4.7889,09/06/2011 19:45,5,3
39.263,201106092000,-61.0,-60.0,3.12961,4.75907,52.41104,4.7889,52.38963,XJHB-jwZI,52.41104 4.75907,52.38963 4.7889,09/06/2011 20:00,5,3
39.263,201106092015,-61.0,-61.0,3.12961,4.75907,52.41104,4.7889,52.38963,XJHB-jwZI,52.41104 4.75907,52.38963 4.7889,09/06/2011 20:15,5,3
39.263,201106092030,-61.0,-61.0,3.12961,4.75907,52.41104,4.7889,52.38963,XJHB-jwZI,52.41104 4.75907,52.38963 4.7889,09/06/2011 20:30,5,3
39.263,201106092045,-61.0,-61.0,3.12961,4.75907,52.41104,4.7889,52.38963,XJHB-jwZI,52.41104 4.75907,52.38963 4.7889,09/06/2011 20:45,5,3
39.263,201106092100,-61.0,-61.0,3.12961,4.75907,52.41104,4.7889,52.38963,XJHB-jwZI,52.41104 4.75907,52.38963 4.7889,09/06/2011 21:00,5,3
39.263,201106092115,-61.0,-60.0,3.12961,4.75907,52.41104,4.7889,52.38963,XJHB-jwZI,52.41104 4.75907,52.38963 4.7889,09/06/2011 21:15,5,3
39.263,201106092130,-61.0,-60.0,3.12961,4.75907,52.41104,4.7889,52.38963,XJHB-jwZI,52.41104 4.75907,52.38963 4.7889,09/06/2011 21:30,5,3
39.263,201106092145,-61.0,-60.0,3.12961,4.75907,52.41104,4.7889,52.38963,XJHB-jwZI,52.41104 4.75907,52.38963 4.7889,09/06/2011 21:45,5,3
39.263,201106092200,-61.0,-60.0,3.12961,4.75907,52.41104,4.7889,52.38963,XJHB-jwZI,52.41104 4.75907,52.38963 4.7889,09/06/2011 22:00,5,3
39.263,201106092215,-61.0,-60.0,3.12961,4.75907,52.41104,4.7889,52.38963,XJHB-jwZI,52.41104 4.75907,52.38963 4.7889,09/06/2011 22:15,5,3
39.263,201106092230,-61.0,-60.0,3.12961,4.75907,52.41104,4.7889,52.38963,XJHB-jwZI,52.41104 4.75907,52.38963 4.7889,09/06/2011 22:30,5,3
39.263,201106092245,-61.0,-60.0,3.12961,4.75907,52.41104,4.7889,52.38963,XJHB-jwZI,52.41104 4.75907,52.38963 4.7889,09/06/2011 22:45,5,3
39.263,201106092300,-61.0,-60.0,3.12961,4.75907,52.41104,4.7889,52.38963,XJHB-jwZI,52.41104 4.75907,52.38963 4.7889,09/06/2011 23:00,5,3
39.263,201106092315,-61.0,-60.0,3.12961,4.75907,52.41104,4.7889,52.38963,XJHB-jwZI,52.41104 4.75907,52.38963 4.7889,09/06/2011 23:15,5,3
39.263,201106092330,-61.0,-60.0,3.12961,4.75907,52.41104,4.7889,52.38963,XJHB-jwZI,52.41104 4.75907,52.38963 4.7889,09/06/2011 23:30,5,3
39.263,201106092345,-61.0,-60.0,3.12961,4.75907,52.41104,4.7889,52.38963,XJHB-jwZI,52.41104 4.75907,52.38963 4.7889,09/06/2011 23:45,5,3
39.263,201106100000,-61.0,-60.0,3.12961,4.75907,52.41104,4.7889,52.38963,XJHB-jwZI,52.41104 4.75907,52.38963 4.7889,10/06/2011 00:00,5,3
39.263,201106100015,-61.0,-60.0,3.12961,4.75907,52.41104,4.7889,52.38963,XJHB-jwZI,52.41104 4.75907,52.38963 4.7889,10/06/2011 00:15,5,3
39.263,201106100030,-61.0,-60.0,3.12961,4.75907,52.41104,4.7889,52.38963,XJHB-jwZI,52.41104 4.75907,52.38963 4.7889,10/06/2011 00:30,5,3
39.263,201106100045,-61.0,-60.0,3.12961,4.75907,52.41104,4.7889,52.38963,XJHB-jwZI,52.41104 4.75907,52.38963 4.7889,10/06/2011 00:45,5,3
39.263,201106100100,-61.0,-61.0,3.12961,4.75907,52.41104,4.7889,52.38963,XJHB-jwZI,52.41104 4.75907,52.38963 4.7889,10/06/2011 01:00,5,3
39.263,201106100115,-61.0,-61.0,3.12961,4.75907,52.41104,4.7889,52.38963,XJHB-jwZI,52.41104 4.75907,52.38963 4.7889,10/06/2011 01:15,5,3
39.263,201106100130,-61.0,-61.0,3.12961,4.75907,52.41104,4.7889,52.38963,XJHB-jwZI,52.41104 4.75907,52.38963 4.7889,10/06/2011 01:30,5,3
39.263,201106100145,-61.0,-60.0,3.12961,4.75907,52.41104,4.7889,52.38963,XJHB-jwZI,52.41104 4.75907,52.38963 4.7889,10/06/2011 01:45,5,3
39.263,201106100200,-61.0,-60.0,3.12961,4.75907,52.41104,4.7889,52.38963,XJHB-jwZI,52.41104 4.75907,52.38963 4.7889,10/06/2011 02:00,5,3
39.263,201106100215,-61.0,-60.0,3.12961,4.75907,52.41104,4.7889,52.38963,XJHB-jwZI,52.41104 4.75907,52.38963 4.7889,10/06/2011 02:15,5,3
39.263,201106100230,-61.0,-60.0,3.12961,4.75907,52.41104,4.7889,52.38963,XJHB-jwZI,52.41104 4.75907,52.38963 4.7889,10/06/2011 02:30,5,3
39.263,201106100245,-61.0,-60.0,3.12961,4.75907,52.41104,4.7889,52.38963,XJHB-jwZI,52.41104 4.75907,52.38963 4.7889,10/06/2011 02:45,5,3
39.263,201106100300,-61.0,-60.0,3.12961,4.75907,52.41104,4.7889,52.38963,XJHB-jwZI,52.41104 4.75907,52.38963 4.7889,10/06/2011 03:00,5,3
39.263,201106100315,-61.0,-61.0,3.12961,4.75907,52.41104,4.7889,52.38963,XJHB-jwZI,52.41104 4.75907,52.38963 4.7889,10/06/2011 03:15,5,3
39.263,201106100330,-61.0,-61.0,3.12961,4.75907,52.41104,4.7889,52.38963,XJHB-jwZI,52.41104 4.75907,52.38963 4.7889,10/06/2011 03:30,5,3
39.263,201106100345,-61.0,-61.0,3.12961,4.75907,52.41104,4.7889,52.38963,XJHB-jwZI,52.41104 4.75907,52.38963 4.7889,10/06/2011 03:45,5,3
39.263,201106100400,-61.0,-60.0,3.12961,4.75907,52.41104,4.7889,52.38963,XJHB-jwZI,52.41104 4.75907,52.38963 4.7889,10/06/2011 04:00,5,3
39.263,201106100415,-61.0,-60.0,3.12961,4.75907,52.41104,4.7889,52.38963,XJHB-jwZI,52.41104 4.75907,52.38963 4.7889,10/06/2011 04:15,5,3
39.263,201106100430,-61.0,-60.0,3.12961,4.75907,52.41104,4.7889,52.38963,XJHB-jwZI,52.41104 4.75907,52.38963 4.7889,10/06/2011 04:30,5,3
39.263,201106100445,-61.0,-59.0,3.12961,4.75907,52.41104,4.7889,52.38963,XJHB-jwZI,52.41104 4.75907,52.38963 4.7889,10/06/2011 04:45,5,3
39.263,201106100500,-61.0,-60.0,3.12961,4.75907,52.41104,4.7889,52.38963,XJHB-jwZI,52.41104 4.75907,52.38963 4.7889,10/06/2011 05:00,5,3
39.263,201106100515,-61.0,-60.0,3.12961,4.75907,52.41104,4.7889,52.38963,XJHB-jwZI,52.41104 4.75907,52.38963 4.7889,10/06/2011 05:15,5,3
39.263,201106100530,-61.0,-60.0,3.12961,4.75907,52.41104,4.7889,52.38963,XJHB-jwZI,52.41104 4.75907,52.38963 4.7889,10/06/2011 05:30,5,3
39.263,201106100545,-61.0,-60.0,3.12961,4.75907,52.41104,4.7889,52.38963,XJHB-jwZI,52.41104 4.75907,52.38963 4.7889,10/06/2011 05:45,5,3
39.263,201106100600,-61.0,-60.0,3.12961,4.75907,52.41104,4.7889,52.38963,XJHB-jwZI,52.41104 4.75907,52.38963 4.7889,10/06/2011 06:00,5,3
39.263,201106100615,-61.0,-60.0,3.12961,4.75907,52.41104,4.7889,52.38963,XJHB-jwZI,52.41104 4.75907,52.38963 4.7889,10/06/2011 06:15,5,3
39.263,201106100630,-61.0,-59.0,3.12961,4.75907,52.41104,4.7889,52.38963,XJHB-jwZI,52.41104 4.75907,52.38963 4.7889,10/06/2011 06:30,5,3
39.263,201106100645,-61.0,-59.0,3.12961,4.75907,52.41104,4.7889,52.38963,XJHB-jwZI,52.41104 4.75907,52.38963 4.7889,10/06/2011 06:45,5,3
39.263,201106100700,-61.0,-59.0,3.12961,4.75907,52.41104,4.7889,52.38963,XJHB-jwZI,52.41104 4.75907,52.38963 4.7889,10/06/2011 07:00,5,3
39.263,201106100715,-61.0,-60.0,3.12961,4.75907,52.41104,4.7889,52.38963,XJHB-jwZI,52.41104 4.75907,52.38963 4.7889,10/06/2011 07:15,5,3
39.263,201106100730,-61.0,-59.0,3.12961,4.75907,52.41104,4.7889,52.38963,XJHB-jwZI,52.41104 4.75907,52.38963 4.7889,10/06/2011 07:30,5,3
39.263,201106100745,-61.0,-60.0,3.12961,4.75907,52.41104,4.7889,52.38963,XJHB-jwZI,52.41104 4.75907,52.38963 4.7889,10/06/2011 07:45,5,3
39.263,201106100800,-61.0,-60.0,3.12961,4.75907,52.41104,4.7889,52.38963,XJHB-jwZI,52.41104 4.75907,52.38963 4.7889,10/06/2011 08:00,5,3
39.263,201106100815,-62.0,-60.0,3.12961,4.75907,52.41104,4.7889,52.38963,XJHB-jwZI,52.41104 4.75907,52.38963 4.7889,10/06/2011 08:15,5,3
39.263,201106100830,-62.0,-60.0,3.12961,4.75907,52.41104,4.7889,52.38963,XJHB-jwZI,52.41104 4.75907,52.38963 4.7889,10/06/2011 08:30,5,3
39.263,201106100845,-61.0,-60.0,3.12961,4.75907,52.41104,4.7889,52.38963,XJHB-jwZI,52.41104 4.75907,52.38963 4.7889,10/06/2011 08:45,5,3
39.263,201106100900,-61.0,-59.0,3.12961,4.75907,52.41104,4.7889,52.38963,XJHB-jwZI,52.41104 4.75907,52.38963 4.7889,10/06/2011 09:00,5,3
39.263,201106100915,-61.0,-59.0,3.12961,4.75907,52.41104,4.7889,52.38963,XJHB-jwZI,52.41104 4.75907,52.38963 4.7889,10/06/2011 09:15,5,3
39.263,201106100930,-61.0,-59.0,3.12961,4.75907,52.41104,4.7889,52.38963,XJHB-jwZI,52.41104 4.75907,52.38963 4.7889,10/06/2011 09:30,5,3
39.263,201106100945,-61.0,-59.0,3.12961,4.75907,52.41104,4.7889,52.38963,XJHB-jwZI,52.41104 4.75907,52.38963 4.7889,10/06/2011 09:45,5,3
39.263,201106101000,-61.0,-59.0,3.12961,4.75907,52.41104,4.7889,52.38963,XJHB-jwZI,52.41104 4.75907,52.38963 4.7889,10/06/2011 10:00,5,3
39.263,201106101015,-61.0,-59.0,3.12961,4.75907,52.41104,4.7889,52.38963,XJHB-jwZI,52.41104 4.75907,52.38963 4.7889,10/06/2011 10:15,5,3
39.263,201106101030,-61.0,-59.0,3.12961,4.75907,52.41104,4.7889,52.38963,XJHB-jwZI,52.41104 4.75907,52.38963 4.7889,10/06/2011 10:30,5,3
39.263,201106101045,-61.0,-59.0,3.12961,4.75907,52.41104,4.7889,52.38963,XJHB-jwZI,52.41104 4.75907,52.38963 4.7889,10/06/2011 10:45,5,3
39.263,201106101100,-61.0,-59.0,3.12961,4.75907,52.41104,4.7889,52.38963,XJHB-jwZI,52.41104 4.75907,52.38963 4.7889,10/06/2011 11:00,5,3
39.263,201106101115,-61.0,-59.0,3.12961,4.75907,52.41104,4.7889,52.38963,XJHB-jwZI,52.41104 4.75907,52.38963 4.7889,10/06/2011 11:15,5,3
39.263,201106101130,-61.0,-59.0,3.12961,4.75907,52.41104,4.7889,52.38963,XJHB-jwZI,52.41104 4.75907,52.38963 4.7889,10/06/2011 11:30,5,3
39.263,201106101145,-61.0,-60.0,3.12961,4.75907,52.41104,4.7889,52.38963,XJHB-jwZI,52.41104 4.75907,52.38963 4.7889,10/06/2011 11:45,5,3
39.263,201106101200,-62.0,-60.0,3.12961,4.75907,52.41104,4.7889,52.38963,XJHB-jwZI,52.41104 4.75907,52.38963 4.7889,10/06/2011 12:00,5,3
39.263,201106101215,-63.0,-61.0,3.12961,4.75907,52.41104,4.7889,52.38963,XJHB-jwZI,52.41104 4.75907,52.38963 4.7889,10/06/2011 12:15,5,3
39.263,201106101230,-69.0,-63.0,3.12961,4.75907,52.41104,4.7889,52.38963,XJHB-jwZI,52.41104 4.75907,52.38963 4.7889,10/06/2011 12:30,5,3
39.263,201106101245,-64.0,-61.0,3.12961,4.75907,52.41104,4.7889,52.38963,XJHB-jwZI,52.41104 4.75907,52.38963 4.7889,10/06/2011 12:45,5,3
39.263,201106101300,-66.0,-61.0,3.12961,4.75907,52.41104,4.7889,52.38963,XJHB-jwZI,52.41104 4.75907,52.38963 4.7889,10/06/2011 13:00,5,3
39.263,201106101315,-62.0,-60.0,3.12961,4.75907,52.41104,4.7889,52.38963,XJHB-jwZI,52.41104 4.75907,52.38963 4.7889,10/06/2011 13:15,5,3
39.263,201106101330,-61.0,-60.0,3.12961,4.75907,52.41104,4.7889,52.38963,XJHB-jwZI,52.41104 4.75907,52.38963 4.7889,10/06/2011 13:30,5,3
39.263,201106101345,-61.0,-60.0,3.12961,4.75907,52.41104,4.7889,52.38963,XJHB-jwZI,52.41104 4.75907,52.38963 4.7889,10/06/2011 13:45,5,3
39.263,201106101400,-62.0,-60.0,3.12961,4.75907,52.41104,4.7889,52.38963,XJHB-jwZI,52.41104 4.75907,52.38963 4.7889,10/06/2011 14:00,5,3
39.263,201106101415,-62.0,-60.0,3.12961,4.75907,52.41104,4.7889,52.38963,XJHB-jwZI,52.41104 4.75907,52.38963 4.7889,10/06/2011 14:15,5,3
39.263,201106101430,-61.0,-59.0,3.12961,4.75907,52.41104,4.7889,52.38963,XJHB-jwZI,52.41104 4.75907,52.38963 4.7889,10/06/2011 14:30,5,3
39.263,201106101445,-61.0,-59.0,3.12961,4.75907,52.41104,4.7889,52.38963,XJHB-jwZI,52.41104 4.75907,52.38963 4.7889,10/06/2011 14:45,5,3
39.263,201106101500,-62.0,-60.0,3.12961,4.75907,52.41104,4.7889,52.38963,XJHB-jwZI,52.41104 4.75907,52.38963 4.7889,10/06/2011 15:00,5,3
39.263,201106101515,-62.0,-60.0,3.12961,4.75907,52.41104,4.7889,52.38963,XJHB-jwZI,52.41104 4.75907,52.38963 4.7889,10/06/2011 15:15,5,3
39.263,201106101530,-61.0,-60.0,3.12961,4.75907,52.41104,4.7889,52.38963,XJHB-jwZI,52.41104 4.75907,52.38963 4.7889,10/06/2011 15:30,5,3
39.263,201106101545,-61.0,-60.0,3.12961,4.75907,52.41104,4.7889,52.38963,XJHB-jwZI,52.41104 4.75907,52.38963 4.7889,10/06/2011 15:45,5,3
39.263,201106101600,-62.0,-60.0,3.12961,4.75907,52.41104,4.7889,52.38963,XJHB-jwZI,52.41104 4.75907,52.38963 4.7889,10/06/2011 16:00,5,3
39.263,201106101630,-61.0,-60.0,3.12961,4.75907,52.41104,4.7889,52.38963,XJHB-jwZI,52.41104 4.75907,52.38963 4.7889,10/06/2011 16:30,5,3
39.263,201106101645,-62.0,-60.0,3.12961,4.75907,52.41104,4.7889,52.38963,XJHB-jwZI,52.41104 4.75907,52.38963 4.7889,10/06/2011 16:45,5,3
39.263,201106101700,-61.0,-60.0,3.12961,4.75907,52.41104,4.7889,52.38963,XJHB-jwZI,52.41104 4.75907,52.38963 4.7889,10/06/2011 17:00,5,3
39.263,201106101715,-62.0,-59.0,3.12961,4.75907,52.41104,4.7889,52.38963,XJHB-jwZI,52.41104 4.75907,52.38963 4.7889,10/06/2011 17:15,5,3
39.263,201106101730,-64.0,-59.0,3.12961,4.75907,52.41104,4.7889,52.38963,XJHB-jwZI,52.41104 4.75907,52.38963 4.7889,10/06/2011 17:30,5,3
39.263,201106101745,-63.0,-62.0,3.12961,4.75907,52.41104,4.7889,52.38963,XJHB-jwZI,52.41104 4.75907,52.38963 4.7889,10/06/2011 17:45,5,3
39.263,201106101800,-63.0,-62.0,3.12961,4.75907,52.41104,4.7889,52.38963,XJHB-jwZI,52.41104 4.75907,52.38963 4.7889,10/06/2011 18:00,5,3
39.263,201106101815,-66.0,-63.0,3.12961,4.75907,52.41104,4.7889,52.38963,XJHB-jwZI,52.41104 4.75907,52.38963 4.7889,10/06/2011 18:15,5,3
39.263,201106101830,-78.0,-66.0,3.12961,4.75907,52.41104,4.7889,52.38963,XJHB-jwZI,52.41104 4.75907,52.38963 4.7889,10/06/2011 18:30,5,3
39.263,201106101845,-70.0,-60.0,3.12961,4.75907,52.41104,4.7889,52.38963,XJHB-jwZI,52.41104 4.75907,52.38963 4.7889,10/06/2011 18:45,5,3
39.263,201106101900,-63.0,-60.0,3.12961,4.75907,52.41104,4.7889,52.38963,XJHB-jwZI,52.41104 4.75907,52.38963 4.7889,10/06/2011 19:00,5,3
39.263,201106101915,-62.0,-61.0,3.12961,4.75907,52.41104,4.7889,52.38963,XJHB-jwZI,52.41104 4.75907,52.38963 4.7889,10/06/2011 19:15,5,3
39.263,201106101930,-63.0,-61.0,3.12961,4.75907,52.41104,4.7889,52.38963,XJHB-jwZI,52.41104 4.75907,52.38963 4.7889,10/06/2011 19:30,5,3
39.263,201106101945,-63.0,-62.0,3.12961,4.75907,52.41104,4.7889,52.38963,XJHB-jwZI,52.41104 4.75907,52.38963 4.7889,10/06/2011 19:45,5,3
39.263,201106102000,-64.0,-62.0,3.12961,4.75907,52.41104,4.7889,52.38963,XJHB-jwZI,52.41104 4.75907,52.38963 4.7889,10/06/2011 20:00,5,3
39.263,201106102015,-64.0,-62.0,3.12961,4.75907,52.41104,4.7889,52.38963,XJHB-jwZI,52.41104 4.75907,52.38963 4.7889,10/06/2011 20:15,5,3
39.263,201106102030,-62.0,-62.0,3.12961,4.75907,52.41104,4.7889,52.38963,XJHB-jwZI,52.41104 4.75907,52.38963 4.7889,10/06/2011 20:30,5,3
39.263,201106102045,-62.0,-61.0,3.12961,4.75907,52.41104,4.7889,52.38963,XJHB-jwZI,52.41104 4.75907,52.38963 4.7889,10/06/2011 20:45,5,3
39.263,201106102100,-62.0,-61.0,3.12961,4.75907,52.41104,4.7889,52.38963,XJHB-jwZI,52.41104 4.75907,52.38963 4.7889,10/06/2011 21:00,5,3
39.263,201106102115,-62.0,-61.0,3.12961,4.75907,52.41104,4.7889,52.38963,XJHB-jwZI,52.41104 4.75907,52.38963 4.7889,10/06/2011 21:15,5,3
39.263,201106102130,-65.0,-62.0,3.12961,4.75907,52.41104,4.7889,52.38963,XJHB-jwZI,52.41104 4.75907,52.38963 4.7889,10/06/2011 21:30,5,3
39.263,201106102145,-67.0,-62.0,3.12961,4.75907,52.41104,4.7889,52.38963,XJHB-jwZI,52.41104 4.75907,52.38963 4.7889,10/06/2011 21:45,5,3
39.263,201106102200,-63.0,-61.0,3.12961,4.75907,52.41104,4.7889,52.38963,XJHB-jwZI,52.41104 4.75907,52.38963 4.7889,10/06/2011 22:00,5,3
39.263,201106102215,-62.0,-60.0,3.12961,4.75907,52.41104,4.7889,52.38963,XJHB-jwZI,52.41104 4.75907,52.38963 4.7889,10/06/2011 22:15,5,3
39.263,201106102230,-62.0,-60.0,3.12961,4.75907,52.41104,4.7889,52.38963,XJHB-jwZI,52.41104 4.75907,52.38963 4.7889,10/06/2011 22:30,5,3
39.263,201106102245,-61.0,-60.0,3.12961,4.75907,52.41104,4.7889,52.38963,XJHB-jwZI,52.41104 4.75907,52.38963 4.7889,10/06/2011 22:45,5,3
39.263,201106102300,-61.0,-60.0,3.12961,4.75907,52.41104,4.7889,52.38963,XJHB-jwZI,52.41104 4.75907,52.38963 4.7889,10/06/2011 23:00,5,3
39.263,201106102315,-61.0,-60.0,3.12961,4.75907,52.41104,4.7889,52.38963,XJHB-jwZI,52.41104 4.75907,52.38963 4.7889,10/06/2011 23:15,5,3
39.263,201106102330,-61.0,-60.0,3.12961,4.75907,52.41104,4.7889,52.38963,XJHB-jwZI,52.41104 4.75907,52.38963 4.7889,10/06/2011 23:30,5,3
39.263,201106102345,-61.0,-60.0,3.12961,4.75907,52.41104,4.7889,52.38963,XJHB-jwZI,52.41104 4.75907,52.38963 4.7889,10/06/2011 23:45,5,3
39.263,201106110000,-61.0,-60.0,3.12961,4.75907,52.41104,4.7889,52.38963,XJHB-jwZI,52.41104 4.75907,52.38963 4.7889,11/06/2011 00:00,5,3
39.263,201106110015,-61.0,-60.0,3.12961,4.75907,52.41104,4.7889,52.38963,XJHB-jwZI,52.41104 4.75907,52.38963 4.7889,11/06/2011 00:15,5,3
39.263,201106110030,-61.0,-61.0,3.12961,4.75907,52.41104,4.7889,52.38963,XJHB-jwZI,52.41104 4.75907,52.38963 4.7889,11/06/2011 00:30,5,3
39.263,201106110045,-62.0,-61.0,3.12961,4.75907,52.41104,4.7889,52.38963,XJHB-jwZI,52.41104 4.75907,52.38963 4.7889,11/06/2011 00:45,5,3
39.263,201106110100,-62.0,-61.0,3.12961,4.75907,52.41104,4.7889,52.38963,XJHB-jwZI,52.41104 4.75907,52.38963 4.7889,11/06/2011 01:00,5,3
39.263,201106110115,-62.0,-61.0,3.12961,4.75907,52.41104,4.7889,52.38963,XJHB-jwZI,52.41104 4.75907,52.38963 4.7889,11/06/2011 01:15,5,3
39.263,201106110130,-62.0,-61.0,3.12961,4.75907,52.41104,4.7889,52.38963,XJHB-jwZI,52.41104 4.75907,52.38963 4.7889,11/06/2011 01:30,5,3
39.263,201106110145,-62.0,-61.0,3.12961,4.75907,52.41104,4.7889,52.38963,XJHB-jwZI,52.41104 4.75907,52.38963 4.7889,11/06/2011 01:45,5,3
39.263,201106110200,-62.0,-60.0,3.12961,4.75907,52.41104,4.7889,52.38963,XJHB-jwZI,52.41104 4.75907,52.38963 4.7889,11/06/2011 02:00,5,3
39.263,201106110215,-62.0,-60.0,3.12961,4.75907,52.41104,4.7889,52.38963,XJHB-jwZI,52.41104 4.75907,52.38963 4.7889,11/06/2011 02:15,5,3
39.263,201106110230,-62.0,-60.0,3.12961,4.75907,52.41104,4.7889,52.38963,XJHB-jwZI,52.41104 4.75907,52.38963 4.7889,11/06/2011 02:30,5,3
39.263,201106110245,-62.0,-60.0,3.12961,4.75907,52.41104,4.7889,52.38963,XJHB-jwZI,52.41104 4.75907,52.38963 4.7889,11/06/2011 02:45,5,3
39.263,201106110300,-62.0,-60.0,3.12961,4.75907,52.41104,4.7889,52.38963,XJHB-jwZI,52.41104 4.75907,52.38963 4.7889,11/06/2011 03:00,5,3
39.263,201106110330,-62.0,-61.0,3.12961,4.75907,52.41104,4.7889,52.38963,XJHB-jwZI,52.41104 4.75907,52.38963 4.7889,11/06/2011 03:30,5,3
39.263,201106110345,-62.0,-61.0,3.12961,4.75907,52.41104,4.7889,52.38963,XJHB-jwZI,52.41104 4.75907,52.38963 4.7889,11/06/2011 03:45,5,3
39.263,201106110400,-62.0,-61.0,3.12961,4.75907,52.41104,4.7889,52.38963,XJHB-jwZI,52.41104 4.75907,52.38963 4.7889,11/06/2011 04:00,5,3
39.263,201106110415,-62.0,-61.0,3.12961,4.75907,52.41104,4.7889,52.38963,XJHB-jwZI,52.41104 4.75907,52.38963 4.7889,11/06/2011 04:15,5,3
39.263,201106110430,-62.0,-61.0,3.12961,4.75907,52.41104,4.7889,52.38963,XJHB-jwZI,52.41104 4.75907,52.38963 4.7889,11/06/2011 04:30,5,3
39.263,201106110445,-62.0,-61.0,3.12961,4.75907,52.41104,4.7889,52.38963,XJHB-jwZI,52.41104 4.75907,52.38963 4.7889,11/06/2011 04:45,5,3
39.263,201106110500,-62.0,-61.0,3.12961,4.75907,52.41104,4.7889,52.38963,XJHB-jwZI,52.41104 4.75907,52.38963 4.7889,11/06/2011 05:00,5,3
39.263,201106110515,-62.0,-60.0,3.12961,4.75907,52.41104,4.7889,52.38963,XJHB-jwZI,52.41104 4.75907,52.38963 4.7889,11/06/2011 05:15,5,3
39.263,201106110530,-62.0,-60.0,3.12961,4.75907,52.41104,4.7889,52.38963,XJHB-jwZI,52.41104 4.75907,52.38963 4.7889,11/06/2011 05:30,5,3
39.263,201106110545,-62.0,-60.0,3.12961,4.75907,52.41104,4.7889,52.38963,XJHB-jwZI,52.41104 4.75907,52.38963 4.7889,11/06/2011 05:45,5,3
39.263,201106110600,-61.0,-60.0,3.12961,4.75907,52.41104,4.7889,52.38963,XJHB-jwZI,52.41104 4.75907,52.38963 4.7889,11/06/2011 06:00,5,3
39.263,201106110615,-61.0,-59.0,3.12961,4.75907,52.41104,4.7889,52.38963,XJHB-jwZI,52.41104 4.75907,52.38963 4.7889,11/06/2011 06:15,5,3
39.263,201106110630,-61.0,-59.0,3.12961,4.75907,52.41104,4.7889,52.38963,XJHB-jwZI,52.41104 4.75907,52.38963 4.7889,11/06/2011 06:30,5,3
39.263,201106110645,-61.0,-59.0,3.12961,4.75907,52.41104,4.7889,52.38963,XJHB-jwZI,52.41104 4.75907,52.38963 4.7889,11/06/2011 06:45,5,3
39.263,201106110700,-61.0,-59.0,3.12961,4.75907,52.41104,4.7889,52.38963,XJHB-jwZI,52.41104 4.75907,52.38963 4.7889,11/06/2011 07:00,5,3
39.263,201106110715,-61.0,-59.0,3.12961,4.75907,52.41104,4.7889,52.38963,XJHB-jwZI,52.41104 4.75907,52.38963 4.7889,11/06/2011 07:15,5,3
39.263,201106110730,-61.0,-59.0,3.12961,4.75907,52.41104,4.7889,52.38963,XJHB-jwZI,52.41104 4.75907,52.38963 4.7889,11/06/2011 07:30,5,3
39.263,201106110745,-61.0,-59.0,3.12961,4.75907,52.41104,4.7889,52.38963,XJHB-jwZI,52.41104 4.75907,52.38963 4.7889,11/06/2011 07:45,5,3
39.263,201106110800,-61.0,-59.0,3.12961,4.75907,52.41104,4.7889,52.38963,XJHB-jwZI,52.41104 4.75907,52.38963 4.7889,11/06/2011 08:00,5,3
39.263,201108050815,-62.0,-60.0,3.12961,4.75907,52.41104,4.7889,52.38963,XJHB-jwZI,52.41104 4.75907,52.38963 4.7889,05/08/2011 08:15,5,3
39.263,201108050830,-61.0,-60.0,3.12961,4.75907,52.41104,4.7889,52.38963,XJHB-jwZI,52.41104 4.75907,52.38963 4.7889,05/08/2011 08:30,5,3
39.263,201108050845,-61.0,-60.0,3.12961,4.75907,52.41104,4.7889,52.38963,XJHB-jwZI,52.41104 4.75907,52.38963 4.7889,05/08/2011 08:45,5,3
39.263,201108050900,-61.0,-60.0,3.12961,4.75907,52.41104,4.7889,52.38963,XJHB-jwZI,52.41104 4.75907,52.38963 4.7889,05/08/2011 09:00,5,3
39.263,201108050915,-62.0,-60.0,3.12961,4.75907,52.41104,4.7889,52.38963,XJHB-jwZI,52.41104 4.75907,52.38963 4.7889,05/08/2011 09:15,5,3
39.263,201108050930,-61.0,-60.0,3.12961,4.75907,52.41104,4.7889,52.38963,XJHB-jwZI,52.41104 4.75907,52.38963 4.7889,05/08/2011 09:30,5,3
39.263,201108050945,-61.0,-60.0,3.12961,4.75907,52.41104,4.7889,52.38963,XJHB-jwZI,52.41104 4.75907,52.38963 4.7889,05/08/2011 09:45,5,3
39.263,201108051000,-62.0,-59.0,3.12961,4.75907,52.41104,4.7889,52.38963,XJHB-jwZI,52.41104 4.75907,52.38963 4.7889,05/08/2011 10:00,5,3
39.263,201108051015,-61.0,-59.0,3.12961,4.75907,52.41104,4.7889,52.38963,XJHB-jwZI,52.41104 4.75907,52.38963 4.7889,05/08/2011 10:15,5,3
39.263,201108051030,-61.0,-60.0,3.12961,4.75907,52.41104,4.7889,52.38963,XJHB-jwZI,52.41104 4.75907,52.38963 4.7889,05/08/2011 10:30,5,3
39.263,201108051045,-61.0,-59.0,3.12961,4.75907,52.41104,4.7889,52.38963,XJHB-jwZI,52.41104 4.75907,52.38963 4.7889,05/08/2011 10:45,5,3
39.263,201108051100,-61.0,-59.0,3.12961,4.75907,52.41104,4.7889,52.38963,XJHB-jwZI,52.41104 4.75907,52.38963 4.7889,05/08/2011 11:00,5,3
39.263,201108051115,-61.0,-59.0,3.12961,4.75907,52.41104,4.7889,52.38963,XJHB-jwZI,52.41104 4.75907,52.38963 4.7889,05/08/2011 11:15,5,3
39.263,201108051130,-62.0,-60.0,3.12961,4.75907,52.41104,4.7889,52.38963,XJHB-jwZI,52.41104 4.75907,52.38963 4.7889,05/08/2011 11:30,5,3
39.263,201108051145,-62.0,-60.0,3.12961,4.75907,52.41104,4.7889,52.38963,XJHB-jwZI,52.41104 4.75907,52.38963 4.7889,05/08/2011 11:45,5,3
39.263,201108051200,-62.0,-60.0,3.12961,4.75907,52.41104,4.7889,52.38963,XJHB-jwZI,52.41104 4.75907,52.38963 4.7889,05/08/2011 12:00,5,3
39.263,201108051215,-62.0,-60.0,3.12961,4.75907,52.41104,4.7889,52.38963,XJHB-jwZI,52.41104 4.75907,52.38963 4.7889,05/08/2011 12:15,5,3
39.263,201108051230,-62.0,-60.0,3.12961,4.75907,52.41104,4.7889,52.38963,XJHB-jwZI,52.41104 4.75907,52.38963 4.7889,05/08/2011 12:30,5,3
39.263,201108051245,-62.0,-60.0,3.12961,4.75907,52.41104,4.7889,52.38963,XJHB-jwZI,52.41104 4.75907,52.38963 4.7889,05/08/2011 12:45,5,3
39.263,201108051300,-62.0,-60.0,3.12961,4.75907,52.41104,4.7889,52.38963,XJHB-jwZI,52.41104 4.75907,52.38963 4.7889,05/08/2011 13:00,5,3
39.263,201108051315,-62.0,-60.0,3.12961,4.75907,52.41104,4.7889,52.38963,XJHB-jwZI,52.41104 4.75907,52.38963 4.7889,05/08/2011 13:15,5,3
39.263,201108051330,-62.0,-60.0,3.12961,4.75907,52.41104,4.7889,52.38963,XJHB-jwZI,52.41104 4.75907,52.38963 4.7889,05/08/2011 13:30,5,3
39.263,201108051345,-62.0,-60.0,3.12961,4.75907,52.41104,4.7889,52.38963,XJHB-jwZI,52.41104 4.75907,52.38963 4.7889,05/08/2011 13:45,5,3
39.263,201108051400,-62.0,-60.0,3.12961,4.75907,52.41104,4.7889,52.38963,XJHB-jwZI,52.41104 4.75907,52.38963 4.7889,05/08/2011 14:00,5,3
39.263,201108051415,-62.0,-60.0,3.12961,4.75907,52.41104,4.7889,52.38963,XJHB-jwZI,52.41104 4.75907,52.38963 4.7889,05/08/2011 14:15,5,3
39.263,201108051430,-62.0,-60.0,3.12961,4.75907,52.41104,4.7889,52.38963,XJHB-jwZI,52.41104 4.75907,52.38963 4.7889,05/08/2011 14:30,5,3
39.263,201108051445,-62.0,-60.0,3.12961,4.75907,52.41104,4.7889,52.38963,XJHB-jwZI,52.41104 4.75907,52.38963 4.7889,05/08/2011 14:45,5,3
39.263,201108051500,-62.0,-60.0,3.12961,4.75907,52.41104,4.7889,52.38963,XJHB-jwZI,52.41104 4.75907,52.38963 4.7889,05/08/2011 15:00,5,3
39.263,201108051515,-62.0,-60.0,3.12961,4.75907,52.41104,4.7889,52.38963,XJHB-jwZI,52.41104 4.75907,52.38963 4.7889,05/08/2011 15:15,5,3
39.263,201108051530,-62.0,-60.0,3.12961,4.75907,52.41104,4.7889,52.38963,XJHB-jwZI,52.41104 4.75907,52.38963 4.7889,05/08/2011 15:30,5,3
39.263,201108051545,-62.0,-61.0,3.12961,4.75907,52.41104,4.7889,52.38963,XJHB-jwZI,52.41104 4.75907,52.38963 4.7889,05/08/2011 15:45,5,3
39.263,201108051600,-62.0,-60.0,3.12961,4.75907,52.41104,4.7889,52.38963,XJHB-jwZI,52.41104 4.75907,52.38963 4.7889,05/08/2011 16:00,5,3
39.263,201108051630,-62.0,-61.0,3.12961,4.75907,52.41104,4.7889,52.38963,XJHB-jwZI,52.41104 4.75907,52.38963 4.7889,05/08/2011 16:30,5,3
39.263,201108051645,-62.0,-61.0,3.12961,4.75907,52.41104,4.7889,52.38963,XJHB-jwZI,52.41104 4.75907,52.38963 4.7889,05/08/2011 16:45,5,3
39.263,201108051700,-62.0,-61.0,3.12961,4.75907,52.41104,4.7889,52.38963,XJHB-jwZI,52.41104 4.75907,52.38963 4.7889,05/08/2011 17:00,5,3
39.263,201108051715,-62.0,-61.0,3.12961,4.75907,52.41104,4.7889,52.38963,XJHB-jwZI,52.41104 4.75907,52.38963 4.7889,05/08/2011 17:15,5,3
39.263,201108051730,-62.0,-61.0,3.12961,4.75907,52.41104,4.7889,52.38963,XJHB-jwZI,52.41104 4.75907,52.38963 4.7889,05/08/2011 17:30,5,3
39.263,201108051745,-62.0,-62.0,3.12961,4.75907,52.41104,4.7889,52.38963,XJHB-jwZI,52.41104 4.75907,52.38963 4.7889,05/08/2011 17:45,5,3
39.263,201108051800,-62.0,-62.0,3.12961,4.75907,52.41104,4.7889,52.38963,XJHB-jwZI,52.41104 4.75907,52.38963 4.7889,05/08/2011 18:00,5,3
39.263,201108051815,-62.0,-62.0,3.12961,4.75907,52.41104,4.7889,52.38963,XJHB-jwZI,52.41104 4.75907,52.38963 4.7889,05/08/2011 18:15,5,3
39.263,201108051830,-62.0,-61.0,3.12961,4.75907,52.41104,4.7889,52.38963,XJHB-jwZI,52.41104 4.75907,52.38963 4.7889,05/08/2011 18:30,5,3
39.263,201108051845,-62.0,-61.0,3.12961,4.75907,52.41104,4.7889,52.38963,XJHB-jwZI,52.41104 4.75907,52.38963 4.7889,05/08/2011 18:45,5,3
39.263,201108051900,-62.0,-61.0,3.12961,4.75907,52.41104,4.7889,52.38963,XJHB-jwZI,52.41104 4.75907,52.38963 4.7889,05/08/2011 19:00,5,3
39.263,201108051915,-62.0,-61.0,3.12961,4.75907,52.41104,4.7889,52.38963,XJHB-jwZI,52.41104 4.75907,52.38963 4.7889,05/08/2011 19:15,5,3
39.263,201108051930,-62.0,-61.0,3.12961,4.75907,52.41104,4.7889,52.38963,XJHB-jwZI,52.41104 4.75907,52.38963 4.7889,05/08/2011 19:30,5,3
39.263,201108051945,-61.0,-61.0,3.12961,4.75907,52.41104,4.7889,52.38963,XJHB-jwZI,52.41104 4.75907,52.38963 4.7889,05/08/2011 19:45,5,3
39.263,201108052000,-61.0,-61.0,3.12961,4.75907,52.41104,4.7889,52.38963,XJHB-jwZI,52.41104 4.75907,52.38963 4.7889,05/08/2011 20:00,5,3
39.263,201108052015,-61.0,-61.0,3.12961,4.75907,52.41104,4.7889,52.38963,XJHB-jwZI,52.41104 4.75907,52.38963 4.7889,05/08/2011 20:15,5,3
39.263,201108052030,-61.0,-61.0,3.12961,4.75907,52.41104,4.7889,52.38963,XJHB-jwZI,52.41104 4.75907,52.38963 4.7889,05/08/2011 20:30,5,3
39.263,201108052045,-61.0,-61.0,3.12961,4.75907,52.41104,4.7889,52.38963,XJHB-jwZI,52.41104 4.75907,52.38963 4.7889,05/08/2011 20:45,5,3
39.263,201108052100,-61.0,-61.0,3.12961,4.75907,52.41104,4.7889,52.38963,XJHB-jwZI,52.41104 4.75907,52.38963 4.7889,05/08/2011 21:00,5,3
39.263,201108052115,-61.0,-61.0,3.12961,4.75907,52.41104,4.7889,52.38963,XJHB-jwZI,52.41104 4.75907,52.38963 4.7889,05/08/2011 21:15,5,3
39.263,201108052130,-61.0,-60.0,3.12961,4.75907,52.41104,4.7889,52.38963,XJHB-jwZI,52.41104 4.75907,52.38963 4.7889,05/08/2011 21:30,5,3
39.263,201108052145,-62.0,-61.0,3.12961,4.75907,52.41104,4.7889,52.38963,XJHB-jwZI,52.41104 4.75907,52.38963 4.7889,05/08/2011 21:45,5,3
39.263,201108052200,-61.0,-61.0,3.12961,4.75907,52.41104,4.7889,52.38963,XJHB-jwZI,52.41104 4.75907,52.38963 4.7889,05/08/2011 22:00,5,3
39.263,201108052215,-61.0,-61.0,3.12961,4.75907,52.41104,4.7889,52.38963,XJHB-jwZI,52.41104 4.75907,52.38963 4.7889,05/08/2011 22:15,5,3
39.263,201108052230,-61.0,-61.0,3.12961,4.75907,52.41104,4.7889,52.38963,XJHB-jwZI,52.41104 4.75907,52.38963 4.7889,05/08/2011 22:30,5,3
39.263,201108052245,-61.0,-61.0,3.12961,4.75907,52.41104,4.7889,52.38963,XJHB-jwZI,52.41104 4.75907,52.38963 4.7889,05/08/2011 22:45,5,3
39.263,201108052300,-62.0,-61.0,3.12961,4.75907,52.41104,4.7889,52.38963,XJHB-jwZI,52.41104 4.75907,52.38963 4.7889,05/08/2011 23:00,5,3
39.263,201108052315,-62.0,-61.0,3.12961,4.75907,52.41104,4.7889,52.38963,XJHB-jwZI,52.41104 4.75907,52.38963 4.7889,05/08/2011 23:15,5,3
39.263,201108052330,-61.0,-61.0,3.12961,4.75907,52.41104,4.7889,52.38963,XJHB-jwZI,52.41104 4.75907,52.38963 4.7889,05/08/2011 23:30,5,3
39.263,201108052345,-61.0,-61.0,3.12961,4.75907,52.41104,4.7889,52.38963,XJHB-jwZI,52.41104 4.75907,52.38963 4.7889,05/08/2011 23:45,5,3
39.263,201108060000,-62.0,-61.0,3.12961,4.75907,52.41104,4.7889,52.38963,XJHB-jwZI,52.41104 4.75907,52.38963 4.7889,06/08/2011 00:00,5,3
39.263,201108060015,-62.0,-61.0,3.12961,4.75907,52.41104,4.7889,52.38963,XJHB-jwZI,52.41104 4.75907,52.38963 4.7889,06/08/2011 00:15,5,3
39.263,201108060030,-62.0,-61.0,3.12961,4.75907,52.41104,4.7889,52.38963,XJHB-jwZI,52.41104 4.75907,52.38963 4.7889,06/08/2011 00:30,5,3
39.263,201108060045,-62.0,-61.0,3.12961,4.75907,52.41104,4.7889,52.38963,XJHB-jwZI,52.41104 4.75907,52.38963 4.7889,06/08/2011 00:45,5,3
39.263,201108060100,-61.0,-60.0,3.12961,4.75907,52.41104,4.7889,52.38963,XJHB-jwZI,52.41104 4.75907,52.38963 4.7889,06/08/2011 01:00,5,3
39.263,201108060115,-61.0,-61.0,3.12961,4.75907,52.41104,4.7889,52.38963,XJHB-jwZI,52.41104 4.75907,52.38963 4.7889,06/08/2011 01:15,5,3
39.263,201108060130,-61.0,-61.0,3.12961,4.75907,52.41104,4.7889,52.38963,XJHB-jwZI,52.41104 4.75907,52.38963 4.7889,06/08/2011 01:30,5,3
39.263,201108060145,-62.0,-61.0,3.12961,4.75907,52.41104,4.7889,52.38963,XJHB-jwZI,52.41104 4.75907,52.38963 4.7889,06/08/2011 01:45,5,3
39.263,201108060200,-62.0,-60.0,3.12961,4.75907,52.41104,4.7889,52.38963,XJHB-jwZI,52.41104 4.75907,52.38963 4.7889,06/08/2011 02:00,5,3
39.263,201108060215,-61.0,-60.0,3.12961,4.75907,52.41104,4.7889,52.38963,XJHB-jwZI,52.41104 4.75907,52.38963 4.7889,06/08/2011 02:15,5,3
39.263,201108060230,-61.0,-61.0,3.12961,4.75907,52.41104,4.7889,52.38963,XJHB-jwZI,52.41104 4.75907,52.38963 4.7889,06/08/2011 02:30,5,3
39.263,201108060245,-61.0,-60.0,3.12961,4.75907,52.41104,4.7889,52.38963,XJHB-jwZI,52.41104 4.75907,52.38963 4.7889,06/08/2011 02:45,5,3
39.263,201108060300,-62.0,-60.0,3.12961,4.75907,52.41104,4.7889,52.38963,XJHB-jwZI,52.41104 4.75907,52.38963 4.7889,06/08/2011 03:00,5,3
39.263,201108060315,-62.0,-60.0,3.12961,4.75907,52.41104,4.7889,52.38963,XJHB-jwZI,52.41104 4.75907,52.38963 4.7889,06/08/2011 03:15,5,3
39.263,201108060330,-61.0,-60.0,3.12961,4.75907,52.41104,4.7889,52.38963,XJHB-jwZI,52.41104 4.75907,52.38963 4.7889,06/08/2011 03:30,5,3
39.263,201108060345,-62.0,-60.0,3.12961,4.75907,52.41104,4.7889,52.38963,XJHB-jwZI,52.41104 4.75907,52.38963 4.7889,06/08/2011 03:45,5,3
39.263,201108060400,-62.0,-60.0,3.12961,4.75907,52.41104,4.7889,52.38963,XJHB-jwZI,52.41104 4.75907,52.38963 4.7889,06/08/2011 04:00,5,3
39.263,201108060415,-62.0,-61.0,3.12961,4.75907,52.41104,4.7889,52.38963,XJHB-jwZI,52.41104 4.75907,52.38963 4.7889,06/08/2011 04:15,5,3
39.263,201108060430,-62.0,-60.0,3.12961,4.75907,52.41104,4.7889,52.38963,XJHB-jwZI,52.41104 4.75907,52.38963 4.7889,06/08/2011 04:30,5,3
39.263,201108060445,-62.0,-61.0,3.12961,4.75907,52.41104,4.7889,52.38963,XJHB-jwZI,52.41104 4.75907,52.38963 4.7889,06/08/2011 04:45,5,3
39.263,201108060500,-62.0,-60.0,3.12961,4.75907,52.41104,4.7889,52.38963,XJHB-jwZI,52.41104 4.75907,52.38963 4.7889,06/08/2011 05:00,5,3
39.263,201108060515,-62.0,-60.0,3.12961,4.75907,52.41104,4.7889,52.38963,XJHB-jwZI,52.41104 4.75907,52.38963 4.7889,06/08/2011 05:15,5,3
39.263,201108060530,-62.0,-61.0,3.12961,4.75907,52.41104,4.7889,52.38963,XJHB-jwZI,52.41104 4.75907,52.38963 4.7889,06/08/2011 05:30,5,3
39.263,201108060545,-61.0,-61.0,3.12961,4.75907,52.41104,4.7889,52.38963,XJHB-jwZI,52.41104 4.75907,52.38963 4.7889,06/08/2011 05:45,5,3
39.263,201108060600,-62.0,-61.0,3.12961,4.75907,52.41104,4.7889,52.38963,XJHB-jwZI,52.41104 4.75907,52.38963 4.7889,06/08/2011 06:00,5,3
39.263,201108060615,-61.0,-61.0,3.12961,4.75907,52.41104,4.7889,52.38963,XJHB-jwZI,52.41104 4.75907,52.38963 4.7889,06/08/2011 06:15,5,3
39.263,201108060630,-61.0,-61.0,3.12961,4.75907,52.41104,4.7889,52.38963,XJHB-jwZI,52.41104 4.75907,52.38963 4.7889,06/08/2011 06:30,5,3
39.263,201108060645,-62.0,-61.0,3.12961,4.75907,52.41104,4.7889,52.38963,XJHB-jwZI,52.41104 4.75907,52.38963 4.7889,06/08/2011 06:45,5,3
39.263,201108060700,-62.0,-60.0,3.12961,4.75907,52.41104,4.7889,52.38963,XJHB-jwZI,52.41104 4.75907,52.38963 4.7889,06/08/2011 07:00,5,3
39.263,201108060715,-62.0,-60.0,3.12961,4.75907,52.41104,4.7889,52.38963,XJHB-jwZI,52.41104 4.75907,52.38963 4.7889,06/08/2011 07:15,5,3
39.263,201108060730,-62.0,-61.0,3.12961,4.75907,52.41104,4.7889,52.38963,XJHB-jwZI,52.41104 4.75907,52.38963 4.7889,06/08/2011 07:30,5,3
39.263,201108060745,-62.0,-60.0,3.12961,4.75907,52.41104,4.7889,52.38963,XJHB-jwZI,52.41104 4.75907,52.38963 4.7889,06/08/2011 07:45,5,3
39.263,201108060800,-62.0,-60.0,3.12961,4.75907,52.41104,4.7889,52.38963,XJHB-jwZI,52.41104 4.75907,52.38963 4.7889,06/08/2011 08:00,5,3
39.263,201108060815,-62.0,-60.0,3.12961,4.75907,52.41104,4.7889,52.38963,XJHB-jwZI,52.41104 4.75907,52.38963 4.7889,06/08/2011 08:15,5,3
39.263,201108060830,-62.0,-60.0,3.12961,4.75907,52.41104,4.7889,52.38963,XJHB-jwZI,52.41104 4.75907,52.38963 4.7889,06/08/2011 08:30,5,3
39.263,201108060845,-62.0,-60.0,3.12961,4.75907,52.41104,4.7889,52.38963,XJHB-jwZI,52.41104 4.75907,52.38963 4.7889,06/08/2011 08:45,5,3
39.263,201108060900,-62.0,-60.0,3.12961,4.75907,52.41104,4.7889,52.38963,XJHB-jwZI,52.41104 4.75907,52.38963 4.7889,06/08/2011 09:00,5,3
39.263,201108060915,-62.0,-60.0,3.12961,4.75907,52.41104,4.7889,52.38963,XJHB-jwZI,52.41104 4.75907,52.38963 4.7889,06/08/2011 09:15,5,3
39.263,201108060930,-62.0,-60.0,3.12961,4.75907,52.41104,4.7889,52.38963,XJHB-jwZI,52.41104 4.75907,52.38963 4.7889,06/08/2011 09:30,5,3
39.263,201108060945,-62.0,-60.0,3.12961,4.75907,52.41104,4.7889,52.38963,XJHB-jwZI,52.41104 4.75907,52.38963 4.7889,06/08/2011 09:45,5,3
39.263,201108061000,-62.0,-60.0,3.12961,4.75907,52.41104,4.7889,52.38963,XJHB-jwZI,52.41104 4.75907,52.38963 4.7889,06/08/2011 10:00,5,3
39.263,201108061015,-61.0,-61.0,3.12961,4.75907,52.41104,4.7889,52.38963,XJHB-jwZI,52.41104 4.75907,52.38963 4.7889,06/08/2011 10:15,5,3
39.263,201108061030,-61.0,-61.0,3.12961,4.75907,52.41104,4.7889,52.38963,XJHB-jwZI,52.41104 4.75907,52.38963 4.7889,06/08/2011 10:30,5,3
39.263,201108061045,-61.0,-61.0,3.12961,4.75907,52.41104,4.7889,52.38963,XJHB-jwZI,52.41104 4.75907,52.38963 4.7889,06/08/2011 10:45,5,3
39.263,201108061100,-61.0,-60.0,3.12961,4.75907,52.41104,4.7889,52.38963,XJHB-jwZI,52.41104 4.75907,52.38963 4.7889,06/08/2011 11:00,5,3
39.263,201108061115,-61.0,-60.0,3.12961,4.75907,52.41104,4.7889,52.38963,XJHB-jwZI,52.41104 4.75907,52.38963 4.7889,06/08/2011 11:15,5,3
39.263,201108061130,-61.0,-60.0,3.12961,4.75907,52.41104,4.7889,52.38963,XJHB-jwZI,52.41104 4.75907,52.38963 4.7889,06/08/2011 11:30,5,3
39.263,201108061145,-62.0,-60.0,3.12961,4.75907,52.41104,4.7889,52.38963,XJHB-jwZI,52.41104 4.75907,52.38963 4.7889,06/08/2011 11:45,5,3
39.263,201108061200,-62.0,-60.0,3.12961,4.75907,52.41104,4.7889,52.38963,XJHB-jwZI,52.41104 4.75907,52.38963 4.7889,06/08/2011 12:00,5,3
39.263,201108061215,-62.0,-60.0,3.12961,4.75907,52.41104,4.7889,52.38963,XJHB-jwZI,52.41104 4.75907,52.38963 4.7889,06/08/2011 12:15,5,3
39.263,201108061230,-61.0,-60.0,3.12961,4.75907,52.41104,4.7889,52.38963,XJHB-jwZI,52.41104 4.75907,52.38963 4.7889,06/08/2011 12:30,5,3
39.263,201108061245,-61.0,-60.0,3.12961,4.75907,52.41104,4.7889,52.38963,XJHB-jwZI,52.41104 4.75907,52.38963 4.7889,06/08/2011 12:45,5,3
39.263,201108061300,-61.0,-60.0,3.12961,4.75907,52.41104,4.7889,52.38963,XJHB-jwZI,52.41104 4.75907,52.38963 4.7889,06/08/2011 13:00,5,3
39.263,201108061315,-61.0,-60.0,3.12961,4.75907,52.41104,4.7889,52.38963,XJHB-jwZI,52.41104 4.75907,52.38963 4.7889,06/08/2011 13:15,5,3
39.263,201108061330,-62.0,-60.0,3.12961,4.75907,52.41104,4.7889,52.38963,XJHB-jwZI,52.41104 4.75907,52.38963 4.7889,06/08/2011 13:30,5,3
39.263,201108061345,-61.0,-60.0,3.12961,4.75907,52.41104,4.7889,52.38963,XJHB-jwZI,52.41104 4.75907,52.38963 4.7889,06/08/2011 13:45,5,3
39.263,201108061400,-61.0,-59.0,3.12961,4.75907,52.41104,4.7889,52.38963,XJHB-jwZI,52.41104 4.75907,52.38963 4.7889,06/08/2011 14:00,5,3
39.263,201108061415,-95.0,-60.0,3.12961,4.75907,52.41104,4.7889,52.38963,XJHB-jwZI,52.41104 4.75907,52.38963 4.7889,06/08/2011 14:15,5,3
39.263,201108061430,-85.0,-61.0,3.12961,4.75907,52.41104,4.7889,52.38963,XJHB-jwZI,52.41104 4.75907,52.38963 4.7889,06/08/2011 14:30,5,3
39.263,201108061445,-62.0,-60.0,3.12961,4.75907,52.41104,4.7889,52.38963,XJHB-jwZI,52.41104 4.75907,52.38963 4.7889,06/08/2011 14:45,5,3
39.263,201108061500,-61.0,-60.0,3.12961,4.75907,52.41104,4.7889,52.38963,XJHB-jwZI,52.41104 4.75907,52.38963 4.7889,06/08/2011 15:00,5,3
39.263,201108061515,-61.0,-60.0,3.12961,4.75907,52.41104,4.7889,52.38963,XJHB-jwZI,52.41104 4.75907,52.38963 4.7889,06/08/2011 15:15,5,3
39.263,201108061530,-61.0,-61.0,3.12961,4.75907,52.41104,4.7889,52.38963,XJHB-jwZI,52.41104 4.75907,52.38963 4.7889,06/08/2011 15:30,5,3
39.263,201108061545,-62.0,-60.0,3.12961,4.75907,52.41104,4.7889,52.38963,XJHB-jwZI,52.41104 4.75907,52.38963 4.7889,06/08/2011 15:45,5,3
39.263,201108061600,-62.0,-61.0,3.12961,4.75907,52.41104,4.7889,52.38963,XJHB-jwZI,52.41104 4.75907,52.38963 4.7889,06/08/2011 16:00,5,3
39.263,201108061630,-62.0,-61.0,3.12961,4.75907,52.41104,4.7889,52.38963,XJHB-jwZI,52.41104 4.75907,52.38963 4.7889,06/08/2011 16:30,5,3
39.263,201108061645,-62.0,-61.0,3.12961,4.75907,52.41104,4.7889,52.38963,XJHB-jwZI,52.41104 4.75907,52.38963 4.7889,06/08/2011 16:45,5,3
39.263,201108061700,-61.0,-61.0,3.12961,4.75907,52.41104,4.7889,52.38963,XJHB-jwZI,52.41104 4.75907,52.38963 4.7889,06/08/2011 17:00,5,3
39.263,201108061715,-61.0,-61.0,3.12961,4.75907,52.41104,4.7889,52.38963,XJHB-jwZI,52.41104 4.75907,52.38963 4.7889,06/08/2011 17:15,5,3
39.263,201108061730,-62.0,-60.0,3.12961,4.75907,52.41104,4.7889,52.38963,XJHB-jwZI,52.41104 4.75907,52.38963 4.7889,06/08/2011 17:30,5,3
39.263,201108061745,-78.0,-61.0,3.12961,4.75907,52.41104,4.7889,52.38963,XJHB-jwZI,52.41104 4.75907,52.38963 4.7889,06/08/2011 17:45,5,3
39.263,201108061800,-76.0,-62.0,3.12961,4.75907,52.41104,4.7889,52.38963,XJHB-jwZI,52.41104 4.75907,52.38963 4.7889,06/08/2011 18:00,5,3
39.263,201108061815,-67.0,-62.0,3.12961,4.75907,52.41104,4.7889,52.38963,XJHB-jwZI,52.41104 4.75907,52.38963 4.7889,06/08/2011 18:15,5,3
39.263,201108061830,-62.0,-62.0,3.12961,4.75907,52.41104,4.7889,52.38963,XJHB-jwZI,52.41104 4.75907,52.38963 4.7889,06/08/2011 18:30,5,3
39.263,201108061845,-64.0,-62.0,3.12961,4.75907,52.41104,4.7889,52.38963,XJHB-jwZI,52.41104 4.75907,52.38963 4.7889,06/08/2011 18:45,5,3
39.263,201108061900,-64.0,-62.0,3.12961,4.75907,52.41104,4.7889,52.38963,XJHB-jwZI,52.41104 4.75907,52.38963 4.7889,06/08/2011 19:00,5,3
39.263,201108061915,-64.0,-61.0,3.12961,4.75907,52.41104,4.7889,52.38963,XJHB-jwZI,52.41104 4.75907,52.38963 4.7889,06/08/2011 19:15,5,3
39.263,201108061930,-62.0,-61.0,3.12961,4.75907,52.41104,4.7889,52.38963,XJHB-jwZI,52.41104 4.75907,52.38963 4.7889,06/08/2011 19:30,5,3
39.263,201108061945,-61.0,-60.0,3.12961,4.75907,52.41104,4.7889,52.38963,XJHB-jwZI,52.41104 4.75907,52.38963 4.7889,06/08/2011 19:45,5,3
39.263,201108062000,-61.0,-60.0,3.12961,4.75907,52.41104,4.7889,52.38963,XJHB-jwZI,52.41104 4.75907,52.38963 4.7889,06/08/2011 20:00,5,3
39.263,201108062015,-61.0,-60.0,3.12961,4.75907,52.41104,4.7889,52.38963,XJHB-jwZI,52.41104 4.75907,52.38963 4.7889,06/08/2011 20:15,5,3
39.263,201108062030,-61.0,-60.0,3.12961,4.75907,52.41104,4.7889,52.38963,XJHB-jwZI,52.41104 4.75907,52.38963 4.7889,06/08/2011 20:30,5,3
39.263,201108062045,-61.0,-61.0,3.12961,4.75907,52.41104,4.7889,52.38963,XJHB-jwZI,52.41104 4.75907,52.38963 4.7889,06/08/2011 20:45,5,3
39.263,201108062100,-61.0,-61.0,3.12961,4.75907,52.41104,4.7889,52.38963,XJHB-jwZI,52.41104 4.75907,52.38963 4.7889,06/08/2011 21:00,5,3
39.263,201108062115,-61.0,-61.0,3.12961,4.75907,52.41104,4.7889,52.38963,XJHB-jwZI,52.41104 4.75907,52.38963 4.7889,06/08/2011 21:15,5,3
39.263,201108062130,-61.0,-61.0,3.12961,4.75907,52.41104,4.7889,52.38963,XJHB-jwZI,52.41104 4.75907,52.38963 4.7889,06/08/2011 21:30,5,3
39.263,201108062145,-61.0,-60.0,3.12961,4.75907,52.41104,4.7889,52.38963,XJHB-jwZI,52.41104 4.75907,52.38963 4.7889,06/08/2011 21:45,5,3
39.263,201108062200,-61.0,-59.0,3.12961,4.75907,52.41104,4.7889,52.38963,XJHB-jwZI,52.41104 4.75907,52.38963 4.7889,06/08/2011 22:00,5,3
39.263,201108062215,-61.0,-59.0,3.12961,4.75907,52.41104,4.7889,52.38963,XJHB-jwZI,52.41104 4.75907,52.38963 4.7889,06/08/2011 22:15,5,3
39.263,201108062230,-61.0,-59.0,3.12961,4.75907,52.41104,4.7889,52.38963,XJHB-jwZI,52.41104 4.75907,52.38963 4.7889,06/08/2011 22:30,5,3
39.263,201108062245,-61.0,-59.0,3.12961,4.75907,52.41104,4.7889,52.38963,XJHB-jwZI,52.41104 4.75907,52.38963 4.7889,06/08/2011 22:45,5,3
39.263,201108062300,-61.0,-60.0,3.12961,4.75907,52.41104,4.7889,52.38963,XJHB-jwZI,52.41104 4.75907,52.38963 4.7889,06/08/2011 23:00,5,3
39.263,201108062315,-61.0,-60.0,3.12961,4.75907,52.41104,4.7889,52.38963,XJHB-jwZI,52.41104 4.75907,52.38963 4.7889,06/08/2011 23:15,5,3
39.263,201108062330,-61.0,-59.0,3.12961,4.75907,52.41104,4.7889,52.38963,XJHB-jwZI,52.41104 4.75907,52.38963 4.7889,06/08/2011 23:30,5,3
39.263,201108062345,-61.0,-59.0,3.12961,4.75907,52.41104,4.7889,52.38963,XJHB-jwZI,52.41104 4.75907,52.38963 4.7889,06/08/2011 23:45,5,3
39.263,201108070000,-61.0,-59.0,3.12961,4.75907,52.41104,4.7889,52.38963,XJHB-jwZI,52.41104 4.75907,52.38963 4.7889,07/08/2011 00:00,5,3
39.263,201108070015,-61.0,-59.0,3.12961,4.75907,52.41104,4.7889,52.38963,XJHB-jwZI,52.41104 4.75907,52.38963 4.7889,07/08/2011 00:15,5,3
39.263,201108070030,-61.0,-59.0,3.12961,4.75907,52.41104,4.7889,52.38963,XJHB-jwZI,52.41104 4.75907,52.38963 4.7889,07/08/2011 00:30,5,3
39.263,201108070045,-61.0,-59.0,3.12961,4.75907,52.41104,4.7889,52.38963,XJHB-jwZI,52.41104 4.75907,52.38963 4.7889,07/08/2011 00:45,5,3
39.263,201108070100,-61.0,-59.0,3.12961,4.75907,52.41104,4.7889,52.38963,XJHB-jwZI,52.41104 4.75907,52.38963 4.7889,07/08/2011 01:00,5,3
39.263,201108070115,-61.0,-59.0,3.12961,4.75907,52.41104,4.7889,52.38963,XJHB-jwZI,52.41104 4.75907,52.38963 4.7889,07/08/2011 01:15,5,3
39.263,201108070130,-61.0,-59.0,3.12961,4.75907,52.41104,4.7889,52.38963,XJHB-jwZI,52.41104 4.75907,52.38963 4.7889,07/08/2011 01:30,5,3
39.263,201108070145,-61.0,-59.0,3.12961,4.75907,52.41104,4.7889,52.38963,XJHB-jwZI,52.41104 4.75907,52.38963 4.7889,07/08/2011 01:45,5,3
39.263,201108070200,-61.0,-59.0,3.12961,4.75907,52.41104,4.7889,52.38963,XJHB-jwZI,52.41104 4.75907,52.38963 4.7889,07/08/2011 02:00,5,3
39.263,201108070215,-61.0,-59.0,3.12961,4.75907,52.41104,4.7889,52.38963,XJHB-jwZI,52.41104 4.75907,52.38963 4.7889,07/08/2011 02:15,5,3
39.263,201108070230,-61.0,-59.0,3.12961,4.75907,52.41104,4.7889,52.38963,XJHB-jwZI,52.41104 4.75907,52.38963 4.7889,07/08/2011 02:30,5,3
39.263,201108070245,-61.0,-59.0,3.12961,4.75907,52.41104,4.7889,52.38963,XJHB-jwZI,52.41104 4.75907,52.38963 4.7889,07/08/2011 02:45,5,3
39.263,201108070300,-61.0,-59.0,3.12961,4.75907,52.41104,4.7889,52.38963,XJHB-jwZI,52.41104 4.75907,52.38963 4.7889,07/08/2011 03:00,5,3
39.263,201108070315,-61.0,-59.0,3.12961,4.75907,52.41104,4.7889,52.38963,XJHB-jwZI,52.41104 4.75907,52.38963 4.7889,07/08/2011 03:15,5,3
39.263,201108070330,-61.0,-59.0,3.12961,4.75907,52.41104,4.7889,52.38963,XJHB-jwZI,52.41104 4.75907,52.38963 4.7889,07/08/2011 03:30,5,3
39.263,201108070345,-61.0,-59.0,3.12961,4.75907,52.41104,4.7889,52.38963,XJHB-jwZI,52.41104 4.75907,52.38963 4.7889,07/08/2011 03:45,5,3
39.263,201108070400,-61.0,-59.0,3.12961,4.75907,52.41104,4.7889,52.38963,XJHB-jwZI,52.41104 4.75907,52.38963 4.7889,07/08/2011 04:00,5,3
39.263,201108070415,-61.0,-59.0,3.12961,4.75907,52.41104,4.7889,52.38963,XJHB-jwZI,52.41104 4.75907,52.38963 4.7889,07/08/2011 04:15,5,3
39.263,201108070430,-61.0,-59.0,3.12961,4.75907,52.41104,4.7889,52.38963,XJHB-jwZI,52.41104 4.75907,52.38963 4.7889,07/08/2011 04:30,5,3
39.263,201108070445,-61.0,-60.0,3.12961,4.75907,52.41104,4.7889,52.38963,XJHB-jwZI,52.41104 4.75907,52.38963 4.7889,07/08/2011 04:45,5,3
39.263,201108070500,-61.0,-60.0,3.12961,4.75907,52.41104,4.7889,52.38963,XJHB-jwZI,52.41104 4.75907,52.38963 4.7889,07/08/2011 05:00,5,3
39.263,201108070515,-61.0,-60.0,3.12961,4.75907,52.41104,4.7889,52.38963,XJHB-jwZI,52.41104 4.75907,52.38963 4.7889,07/08/2011 05:15,5,3
39.263,201108070530,-61.0,-60.0,3.12961,4.75907,52.41104,4.7889,52.38963,XJHB-jwZI,52.41104 4.75907,52.38963 4.7889,07/08/2011 05:30,5,3
39.263,201108070545,-61.0,-59.0,3.12961,4.75907,52.41104,4.7889,52.38963,XJHB-jwZI,52.41104 4.75907,52.38963 4.7889,07/08/2011 05:45,5,3
39.263,201108070600,-61.0,-59.0,3.12961,4.75907,52.41104,4.7889,52.38963,XJHB-jwZI,52.41104 4.75907,52.38963 4.7889,07/08/2011 06:00,5,3
39.263,201108070615,-61.0,-59.0,3.12961,4.75907,52.41104,4.7889,52.38963,XJHB-jwZI,52.41104 4.75907,52.38963 4.7889,07/08/2011 06:15,5,3
39.263,201108070630,-61.0,-59.0,3.12961,4.75907,52.41104,4.7889,52.38963,XJHB-jwZI,52.41104 4.75907,52.38963 4.7889,07/08/2011 06:30,5,3
39.263,201108070645,-61.0,-59.0,3.12961,4.75907,52.41104,4.7889,52.38963,XJHB-jwZI,52.41104 4.75907,52.38963 4.7889,07/08/2011 06:45,5,3
39.263,201108070700,-61.0,-60.0,3.12961,4.75907,52.41104,4.7889,52.38963,XJHB-jwZI,52.41104 4.75907,52.38963 4.7889,07/08/2011 07:00,5,3
39.263,201108070715,-63.0,-59.0,3.12961,4.75907,52.41104,4.7889,52.38963,XJHB-jwZI,52.41104 4.75907,52.38963 4.7889,07/08/2011 07:15,5,3
39.263,201108070730,-76.0,-60.0,3.12961,4.75907,52.41104,4.7889,52.38963,XJHB-jwZI,52.41104 4.75907,52.38963 4.7889,07/08/2011 07:30,5,3
39.263,201108070745,-63.0,-60.0,3.12961,4.75907,52.41104,4.7889,52.38963,XJHB-jwZI,52.41104 4.75907,52.38963 4.7889,07/08/2011 07:45,5,3
39.263,201108070800,-61.0,-59.0,3.12961,4.75907,52.41104,4.7889,52.38963,XJHB-jwZI,52.41104 4.75907,52.38963 4.7889,07/08/2011 08:00,5,3
39.263,201108070815,-61.0,-59.0,3.12961,4.75907,52.41104,4.7889,52.38963,XJHB-jwZI,52.41104 4.75907,52.38963 4.7889,07/08/2011 08:15,5,3
39.263,201108070830,-61.0,-59.0,3.12961,4.75907,52.41104,4.7889,52.38963,XJHB-jwZI,52.41104 4.75907,52.38963 4.7889,07/08/2011 08:30,5,3
39.263,201108070845,-61.0,-59.0,3.12961,4.75907,52.41104,4.7889,52.38963,XJHB-jwZI,52.41104 4.75907,52.38963 4.7889,07/08/2011 08:45,5,3
39.263,201108070900,-61.0,-59.0,3.12961,4.75907,52.41104,4.7889,52.38963,XJHB-jwZI,52.41104 4.75907,52.38963 4.7889,07/08/2011 09:00,5,3
39.263,201108070915,-61.0,-59.0,3.12961,4.75907,52.41104,4.7889,52.38963,XJHB-jwZI,52.41104 4.75907,52.38963 4.7889,07/08/2011 09:15,5,3
39.263,201108070930,-61.0,-59.0,3.12961,4.75907,52.41104,4.7889,52.38963,XJHB-jwZI,52.41104 4.75907,52.38963 4.7889,07/08/2011 09:30,5,3
39.263,201108070945,-61.0,-59.0,3.12961,4.75907,52.41104,4.7889,52.38963,XJHB-jwZI,52.41104 4.75907,52.38963 4.7889,07/08/2011 09:45,5,3
39.263,201108071000,-61.0,-59.0,3.12961,4.75907,52.41104,4.7889,52.38963,XJHB-jwZI,52.41104 4.75907,52.38963 4.7889,07/08/2011 10:00,5,3
39.263,201108071015,-60.0,-58.0,3.12961,4.75907,52.41104,4.7889,52.38963,XJHB-jwZI,52.41104 4.75907,52.38963 4.7889,07/08/2011 10:15,5,3
39.263,201108071030,-60.0,-58.0,3.12961,4.75907,52.41104,4.7889,52.38963,XJHB-jwZI,52.41104 4.75907,52.38963 4.7889,07/08/2011 10:30,5,3
39.263,201108071045,-60.0,-59.0,3.12961,4.75907,52.41104,4.7889,52.38963,XJHB-jwZI,52.41104 4.75907,52.38963 4.7889,07/08/2011 10:45,5,3
39.263,201108071100,-61.0,-59.0,3.12961,4.75907,52.41104,4.7889,52.38963,XJHB-jwZI,52.41104 4.75907,52.38963 4.7889,07/08/2011 11:00,5,3
39.263,201108071115,-60.0,-59.0,3.12961,4.75907,52.41104,4.7889,52.38963,XJHB-jwZI,52.41104 4.75907,52.38963 4.7889,07/08/2011 11:15,5,3
39.263,201108071130,-61.0,-59.0,3.12961,4.75907,52.41104,4.7889,52.38963,XJHB-jwZI,52.41104 4.75907,52.38963 4.7889,07/08/2011 11:30,5,3
39.263,201108071145,-61.0,-59.0,3.12961,4.75907,52.41104,4.7889,52.38963,XJHB-jwZI,52.41104 4.75907,52.38963 4.7889,07/08/2011 11:45,5,3
39.263,201108071200,-61.0,-59.0,3.12961,4.75907,52.41104,4.7889,52.38963,XJHB-jwZI,52.41104 4.75907,52.38963 4.7889,07/08/2011 12:00,5,3
39.263,201108071215,-61.0,-59.0,3.12961,4.75907,52.41104,4.7889,52.38963,XJHB-jwZI,52.41104 4.75907,52.38963 4.7889,07/08/2011 12:15,5,3
39.263,201108071230,-61.0,-59.0,3.12961,4.75907,52.41104,4.7889,52.38963,XJHB-jwZI,52.41104 4.75907,52.38963 4.7889,07/08/2011 12:30,5,3
39.263,201108071245,-61.0,-59.0,3.12961,4.75907,52.41104,4.7889,52.38963,XJHB-jwZI,52.41104 4.75907,52.38963 4.7889,07/08/2011 12:45,5,3
39.263,201108071300,-61.0,-59.0,3.12961,4.75907,52.41104,4.7889,52.38963,XJHB-jwZI,52.41104 4.75907,52.38963 4.7889,07/08/2011 13:00,5,3
39.263,201108071315,-61.0,-59.0,3.12961,4.75907,52.41104,4.7889,52.38963,XJHB-jwZI,52.41104 4.75907,52.38963 4.7889,07/08/2011 13:15,5,3
39.263,201108071330,-61.0,-59.0,3.12961,4.75907,52.41104,4.7889,52.38963,XJHB-jwZI,52.41104 4.75907,52.38963 4.7889,07/08/2011 13:30,5,3
39.263,201108071345,-61.0,-59.0,3.12961,4.75907,52.41104,4.7889,52.38963,XJHB-jwZI,52.41104 4.75907,52.38963 4.7889,07/08/2011 13:45,5,3
39.263,201108071400,-61.0,-59.0,3.12961,4.75907,52.41104,4.7889,52.38963,XJHB-jwZI,52.41104 4.75907,52.38963 4.7889,07/08/2011 14:00,5,3
39.263,201108071415,-61.0,-59.0,3.12961,4.75907,52.41104,4.7889,52.38963,XJHB-jwZI,52.41104 4.75907,52.38963 4.7889,07/08/2011 14:15,5,3
39.263,201108071430,-61.0,-59.0,3.12961,4.75907,52.41104,4.7889,52.38963,XJHB-jwZI,52.41104 4.75907,52.38963 4.7889,07/08/2011 14:30,5,3
39.263,201108071445,-61.0,-59.0,3.12961,4.75907,52.41104,4.7889,52.38963,XJHB-jwZI,52.41104 4.75907,52.38963 4.7889,07/08/2011 14:45,5,3
39.263,201108071500,-61.0,-59.0,3.12961,4.75907,52.41104,4.7889,52.38963,XJHB-jwZI,52.41104 4.75907,52.38963 4.7889,07/08/2011 15:00,5,3
39.263,201108071515,-61.0,-59.0,3.12961,4.75907,52.41104,4.7889,52.38963,XJHB-jwZI,52.41104 4.75907,52.38963 4.7889,07/08/2011 15:15,5,3
39.263,201108071530,-61.0,-59.0,3.12961,4.75907,52.41104,4.7889,52.38963,XJHB-jwZI,52.41104 4.75907,52.38963 4.7889,07/08/2011 15:30,5,3
39.263,201108071545,-61.0,-59.0,3.12961,4.75907,52.41104,4.7889,52.38963,XJHB-jwZI,52.41104 4.75907,52.38963 4.7889,07/08/2011 15:45,5,3
39.263,201108071600,-61.0,-59.0,3.12961,4.75907,52.41104,4.7889,52.38963,XJHB-jwZI,52.41104 4.75907,52.38963 4.7889,07/08/2011 16:00,5,3
39.263,201108071630,-61.0,-59.0,3.12961,4.75907,52.41104,4.7889,52.38963,XJHB-jwZI,52.41104 4.75907,52.38963 4.7889,07/08/2011 16:30,5,3
39.263,201108071645,-61.0,-59.0,3.12961,4.75907,52.41104,4.7889,52.38963,XJHB-jwZI,52.41104 4.75907,52.38963 4.7889,07/08/2011 16:45,5,3
39.263,201108071700,-61.0,-58.0,3.12961,4.75907,52.41104,4.7889,52.38963,XJHB-jwZI,52.41104 4.75907,52.38963 4.7889,07/08/2011 17:00,5,3
39.263,201108071715,-61.0,-59.0,3.12961,4.75907,52.41104,4.7889,52.38963,XJHB-jwZI,52.41104 4.75907,52.38963 4.7889,07/08/2011 17:15,5,3
39.263,201108071730,-61.0,-59.0,3.12961,4.75907,52.41104,4.7889,52.38963,XJHB-jwZI,52.41104 4.75907,52.38963 4.7889,07/08/2011 17:30,5,3
39.263,201108071745,-61.0,-59.0,3.12961,4.75907,52.41104,4.7889,52.38963,XJHB-jwZI,52.41104 4.75907,52.38963 4.7889,07/08/2011 17:45,5,3
39.263,201108071800,-61.0,-59.0,3.12961,4.75907,52.41104,4.7889,52.38963,XJHB-jwZI,52.41104 4.75907,52.38963 4.7889,07/08/2011 18:00,5,3
39.263,201108071815,-61.0,-59.0,3.12961,4.75907,52.41104,4.7889,52.38963,XJHB-jwZI,52.41104 4.75907,52.38963 4.7889,07/08/2011 18:15,5,3
39.263,201108071830,-61.0,-59.0,3.12961,4.75907,52.41104,4.7889,52.38963,XJHB-jwZI,52.41104 4.75907,52.38963 4.7889,07/08/2011 18:30,5,3
39.263,201108071845,-61.0,-59.0,3.12961,4.75907,52.41104,4.7889,52.38963,XJHB-jwZI,52.41104 4.75907,52.38963 4.7889,07/08/2011 18:45,5,3
39.263,201108071900,-61.0,-59.0,3.12961,4.75907,52.41104,4.7889,52.38963,XJHB-jwZI,52.41104 4.75907,52.38963 4.7889,07/08/2011 19:00,5,3
39.263,201108071915,-61.0,-59.0,3.12961,4.75907,52.41104,4.7889,52.38963,XJHB-jwZI,52.41104 4.75907,52.38963 4.7889,07/08/2011 19:15,5,3
39.263,201108071930,-61.0,-59.0,3.12961,4.75907,52.41104,4.7889,52.38963,XJHB-jwZI,52.41104 4.75907,52.38963 4.7889,07/08/2011 19:30,5,3
39.263,201108071945,-61.0,-59.0,3.12961,4.75907,52.41104,4.7889,52.38963,XJHB-jwZI,52.41104 4.75907,52.38963 4.7889,07/08/2011 19:45,5,3
39.263,201108072000,-61.0,-59.0,3.12961,4.75907,52.41104,4.7889,52.38963,XJHB-jwZI,52.41104 4.75907,52.38963 4.7889,07/08/2011 20:00,5,3
39.263,201108072015,-61.0,-59.0,3.12961,4.75907,52.41104,4.7889,52.38963,XJHB-jwZI,52.41104 4.75907,52.38963 4.7889,07/08/2011 20:15,5,3
39.263,201108072030,-61.0,-59.0,3.12961,4.75907,52.41104,4.7889,52.38963,XJHB-jwZI,52.41104 4.75907,52.38963 4.7889,07/08/2011 20:30,5,3
39.263,201108072045,-60.0,-59.0,3.12961,4.75907,52.41104,4.7889,52.38963,XJHB-jwZI,52.41104 4.75907,52.38963 4.7889,07/08/2011 20:45,5,3
39.263,201108072100,-60.0,-59.0,3.12961,4.75907,52.41104,4.7889,52.38963,XJHB-jwZI,52.41104 4.75907,52.38963 4.7889,07/08/2011 21:00,5,3
39.263,201108072115,-60.0,-59.0,3.12961,4.75907,52.41104,4.7889,52.38963,XJHB-jwZI,52.41104 4.75907,52.38963 4.7889,07/08/2011 21:15,5,3
39.263,201108072130,-60.0,-59.0,3.12961,4.75907,52.41104,4.7889,52.38963,XJHB-jwZI,52.41104 4.75907,52.38963 4.7889,07/08/2011 21:30,5,3
39.263,201108072145,-60.0,-59.0,3.12961,4.75907,52.41104,4.7889,52.38963,XJHB-jwZI,52.41104 4.75907,52.38963 4.7889,07/08/2011 21:45,5,3
39.263,201108072200,-60.0,-59.0,3.12961,4.75907,52.41104,4.7889,52.38963,XJHB-jwZI,52.41104 4.75907,52.38963 4.7889,07/08/2011 22:00,5,3
39.263,201108072215,-60.0,-59.0,3.12961,4.75907,52.41104,4.7889,52.38963,XJHB-jwZI,52.41104 4.75907,52.38963 4.7889,07/08/2011 22:15,5,3
39.263,201108072230,-61.0,-59.0,3.12961,4.75907,52.41104,4.7889,52.38963,XJHB-jwZI,52.41104 4.75907,52.38963 4.7889,07/08/2011 22:30,5,3
39.263,201108072245,-61.0,-59.0,3.12961,4.75907,52.41104,4.7889,52.38963,XJHB-jwZI,52.41104 4.75907,52.38963 4.7889,07/08/2011 22:45,5,3
39.263,201108072300,-61.0,-60.0,3.12961,4.75907,52.41104,4.7889,52.38963,XJHB-jwZI,52.41104 4.75907,52.38963 4.7889,07/08/2011 23:00,5,3
39.263,201108072315,-61.0,-59.0,3.12961,4.75907,52.41104,4.7889,52.38963,XJHB-jwZI,52.41104 4.75907,52.38963 4.7889,07/08/2011 23:15,5,3
39.263,201108072330,-61.0,-59.0,3.12961,4.75907,52.41104,4.7889,52.38963,XJHB-jwZI,52.41104 4.75907,52.38963 4.7889,07/08/2011 23:30,5,3
39.263,201108072345,-61.0,-60.0,3.12961,4.75907,52.41104,4.7889,52.38963,XJHB-jwZI,52.41104 4.75907,52.38963 4.7889,07/08/2011 23:45,5,3
39.263,201108080000,-61.0,-59.0,3.12961,4.75907,52.41104,4.7889,52.38963,XJHB-jwZI,52.41104 4.75907,52.38963 4.7889,08/08/2011 00:00,5,3
39.263,201108080015,-61.0,-60.0,3.12961,4.75907,52.41104,4.7889,52.38963,XJHB-jwZI,52.41104 4.75907,52.38963 4.7889,08/08/2011 00:15,5,3
39.263,201108080030,-61.0,-60.0,3.12961,4.75907,52.41104,4.7889,52.38963,XJHB-jwZI,52.41104 4.75907,52.38963 4.7889,08/08/2011 00:30,5,3
39.263,201108080045,-61.0,-60.0,3.12961,4.75907,52.41104,4.7889,52.38963,XJHB-jwZI,52.41104 4.75907,52.38963 4.7889,08/08/2011 00:45,5,3
39.263,201108080100,-61.0,-59.0,3.12961,4.75907,52.41104,4.7889,52.38963,XJHB-jwZI,52.41104 4.75907,52.38963 4.7889,08/08/2011 01:00,5,3
39.263,201108080115,-61.0,-59.0,3.12961,4.75907,52.41104,4.7889,52.38963,XJHB-jwZI,52.41104 4.75907,52.38963 4.7889,08/08/2011 01:15,5,3
39.263,201108080130,-61.0,-60.0,3.12961,4.75907,52.41104,4.7889,52.38963,XJHB-jwZI,52.41104 4.75907,52.38963 4.7889,08/08/2011 01:30,5,3
39.263,201108080145,-61.0,-60.0,3.12961,4.75907,52.41104,4.7889,52.38963,XJHB-jwZI,52.41104 4.75907,52.38963 4.7889,08/08/2011 01:45,5,3
39.263,201108080200,-61.0,-60.0,3.12961,4.75907,52.41104,4.7889,52.38963,XJHB-jwZI,52.41104 4.75907,52.38963 4.7889,08/08/2011 02:00,5,3
39.263,201108080215,-61.0,-59.0,3.12961,4.75907,52.41104,4.7889,52.38963,XJHB-jwZI,52.41104 4.75907,52.38963 4.7889,08/08/2011 02:15,5,3
39.263,201108080230,-65.0,-59.0,3.12961,4.75907,52.41104,4.7889,52.38963,XJHB-jwZI,52.41104 4.75907,52.38963 4.7889,08/08/2011 02:30,5,3
39.263,201108080245,-65.0,-62.0,3.12961,4.75907,52.41104,4.7889,52.38963,XJHB-jwZI,52.41104 4.75907,52.38963 4.7889,08/08/2011 02:45,5,3
39.263,201108080300,-68.0,-61.0,3.12961,4.75907,52.41104,4.7889,52.38963,XJHB-jwZI,52.41104 4.75907,52.38963 4.7889,08/08/2011 03:00,5,3
39.263,201108080315,-66.0,-64.0,3.12961,4.75907,52.41104,4.7889,52.38963,XJHB-jwZI,52.41104 4.75907,52.38963 4.7889,08/08/2011 03:15,5,3
39.263,201108080330,-65.0,-63.0,3.12961,4.75907,52.41104,4.7889,52.38963,XJHB-jwZI,52.41104 4.75907,52.38963 4.7889,08/08/2011 03:30,5,3
39.263,201108080345,-64.0,-63.0,3.12961,4.75907,52.41104,4.7889,52.38963,XJHB-jwZI,52.41104 4.75907,52.38963 4.7889,08/08/2011 03:45,5,3
39.263,201108080400,-63.0,-62.0,3.12961,4.75907,52.41104,4.7889,52.38963,XJHB-jwZI,52.41104 4.75907,52.38963 4.7889,08/08/2011 04:00,5,3
39.263,201108080415,-63.0,-61.0,3.12961,4.75907,52.41104,4.7889,52.38963,XJHB-jwZI,52.41104 4.75907,52.38963 4.7889,08/08/2011 04:15,5,3
39.263,201108080430,-63.0,-62.0,3.12961,4.75907,52.41104,4.7889,52.38963,XJHB-jwZI,52.41104 4.75907,52.38963 4.7889,08/08/2011 04:30,5,3
39.263,201108080445,-63.0,-62.0,3.12961,4.75907,52.41104,4.7889,52.38963,XJHB-jwZI,52.41104 4.75907,52.38963 4.7889,08/08/2011 04:45,5,3
39.263,201108080500,-63.0,-62.0,3.12961,4.75907,52.41104,4.7889,52.38963,XJHB-jwZI,52.41104 4.75907,52.38963 4.7889,08/08/2011 05:00,5,3
39.263,201108080515,-62.0,-61.0,3.12961,4.75907,52.41104,4.7889,52.38963,XJHB-jwZI,52.41104 4.75907,52.38963 4.7889,08/08/2011 05:15,5,3
39.263,201108080530,-62.0,-61.0,3.12961,4.75907,52.41104,4.7889,52.38963,XJHB-jwZI,52.41104 4.75907,52.38963 4.7889,08/08/2011 05:30,5,3
39.263,201108080545,-61.0,-61.0,3.12961,4.75907,52.41104,4.7889,52.38963,XJHB-jwZI,52.41104 4.75907,52.38963 4.7889,08/08/2011 05:45,5,3
39.263,201108080600,-62.0,-60.0,3.12961,4.75907,52.41104,4.7889,52.38963,XJHB-jwZI,52.41104 4.75907,52.38963 4.7889,08/08/2011 06:00,5,3
39.263,201108080615,-62.0,-61.0,3.12961,4.75907,52.41104,4.7889,52.38963,XJHB-jwZI,52.41104 4.75907,52.38963 4.7889,08/08/2011 06:15,5,3
39.263,201108080630,-62.0,-61.0,3.12961,4.75907,52.41104,4.7889,52.38963,XJHB-jwZI,52.41104 4.75907,52.38963 4.7889,08/08/2011 06:30,5,3
39.263,201108080645,-63.0,-61.0,3.12961,4.75907,52.41104,4.7889,52.38963,XJHB-jwZI,52.41104 4.75907,52.38963 4.7889,08/08/2011 06:45,5,3
39.263,201108080700,-65.0,-62.0,3.12961,4.75907,52.41104,4.7889,52.38963,XJHB-jwZI,52.41104 4.75907,52.38963 4.7889,08/08/2011 07:00,5,3
39.263,201108080715,-63.0,-61.0,3.12961,4.75907,52.41104,4.7889,52.38963,XJHB-jwZI,52.41104 4.75907,52.38963 4.7889,08/08/2011 07:15,5,3
39.263,201108080730,-61.0,-60.0,3.12961,4.75907,52.41104,4.7889,52.38963,XJHB-jwZI,52.41104 4.75907,52.38963 4.7889,08/08/2011 07:30,5,3
39.263,201108080745,-61.0,-59.0,3.12961,4.75907,52.41104,4.7889,52.38963,XJHB-jwZI,52.41104 4.75907,52.38963 4.7889,08/08/2011 07:45,5,3
39.263,201108080800,-61.0,-59.0,3.12961,4.75907,52.41104,4.7889,52.38963,XJHB-jwZI,52.41104 4.75907,52.38963 4.7889,08/08/2011 08:00,5,3
39.263,201108080815,-61.0,-59.0,3.12961,4.75907,52.41104,4.7889,52.38963,XJHB-jwZI,52.41104 4.75907,52.38963 4.7889,08/08/2011 08:15,5,3
39.263,201108080830,-61.0,-59.0,3.12961,4.75907,52.41104,4.7889,52.38963,XJHB-jwZI,52.41104 4.75907,52.38963 4.7889,08/08/2011 08:30,5,3
39.263,201108080845,-61.0,-59.0,3.12961,4.75907,52.41104,4.7889,52.38963,XJHB-jwZI,52.41104 4.75907,52.38963 4.7889,08/08/2011 08:45,5,3
39.263,201108080900,-61.0,-59.0,3.12961,4.75907,52.41104,4.7889,52.38963,XJHB-jwZI,52.41104 4.75907,52.38963 4.7889,08/08/2011 09:00,5,3
39.263,201108080915,-62.0,-59.0,3.12961,4.75907,52.41104,4.7889,52.38963,XJHB-jwZI,52.41104 4.75907,52.38963 4.7889,08/08/2011 09:15,5,3
39.263,201108080930,-61.0,-59.0,3.12961,4.75907,52.41104,4.7889,52.38963,XJHB-jwZI,52.41104 4.75907,52.38963 4.7889,08/08/2011 09:30,5,3
39.263,201108080945,-61.0,-59.0,3.12961,4.75907,52.41104,4.7889,52.38963,XJHB-jwZI,52.41104 4.75907,52.38963 4.7889,08/08/2011 09:45,5,3
39.263,201108081000,-61.0,-59.0,3.12961,4.75907,52.41104,4.7889,52.38963,XJHB-jwZI,52.41104 4.75907,52.38963 4.7889,08/08/2011 10:00,5,3
39.263,201108081015,-61.0,-59.0,3.12961,4.75907,52.41104,4.7889,52.38963,XJHB-jwZI,52.41104 4.75907,52.38963 4.7889,08/08/2011 10:15,5,3
39.263,201108081030,-61.0,-59.0,3.12961,4.75907,52.41104,4.7889,52.38963,XJHB-jwZI,52.41104 4.75907,52.38963 4.7889,08/08/2011 10:30,5,3
39.263,201108081045,-61.0,-59.0,3.12961,4.75907,52.41104,4.7889,52.38963,XJHB-jwZI,52.41104 4.75907,52.38963 4.7889,08/08/2011 10:45,5,3
39.263,201108081100,-61.0,-59.0,3.12961,4.75907,52.41104,4.7889,52.38963,XJHB-jwZI,52.41104 4.75907,52.38963 4.7889,08/08/2011 11:00,5,3
39.263,201108081115,-61.0,-59.0,3.12961,4.75907,52.41104,4.7889,52.38963,XJHB-jwZI,52.41104 4.75907,52.38963 4.7889,08/08/2011 11:15,5,3
39.263,201108081130,-61.0,-59.0,3.12961,4.75907,52.41104,4.7889,52.38963,XJHB-jwZI,52.41104 4.75907,52.38963 4.7889,08/08/2011 11:30,5,3
39.263,201108081145,-61.0,-59.0,3.12961,4.75907,52.41104,4.7889,52.38963,XJHB-jwZI,52.41104 4.75907,52.38963 4.7889,08/08/2011 11:45,5,3
39.263,201108081200,-110.0,-59.0,3.12961,4.75907,52.41104,4.7889,52.38963,XJHB-jwZI,52.41104 4.75907,52.38963 4.7889,08/08/2011 12:00,5,3
39.263,201108081215,-61.0,-60.0,3.12961,4.75907,52.41104,4.7889,52.38963,XJHB-jwZI,52.41104 4.75907,52.38963 4.7889,08/08/2011 12:15,5,3
39.263,201108081230,-61.0,-60.0,3.12961,4.75907,52.41104,4.7889,52.38963,XJHB-jwZI,52.41104 4.75907,52.38963 4.7889,08/08/2011 12:30,5,3
39.263,201108081245,-61.0,-60.0,3.12961,4.75907,52.41104,4.7889,52.38963,XJHB-jwZI,52.41104 4.75907,52.38963 4.7889,08/08/2011 12:45,5,3
39.263,201108081300,-61.0,-60.0,3.12961,4.75907,52.41104,4.7889,52.38963,XJHB-jwZI,52.41104 4.75907,52.38963 4.7889,08/08/2011 13:00,5,3
39.263,201108081315,-61.0,-60.0,3.12961,4.75907,52.41104,4.7889,52.38963,XJHB-jwZI,52.41104 4.75907,52.38963 4.7889,08/08/2011 13:15,5,3
39.263,201108081330,-61.0,-60.0,3.12961,4.75907,52.41104,4.7889,52.38963,XJHB-jwZI,52.41104 4.75907,52.38963 4.7889,08/08/2011 13:30,5,3
39.263,201108081345,-61.0,-60.0,3.12961,4.75907,52.41104,4.7889,52.38963,XJHB-jwZI,52.41104 4.75907,52.38963 4.7889,08/08/2011 13:45,5,3
39.263,201108081400,-61.0,-60.0,3.12961,4.75907,52.41104,4.7889,52.38963,XJHB-jwZI,52.41104 4.75907,52.38963 4.7889,08/08/2011 14:00,5,3
39.263,201108081415,-61.0,-60.0,3.12961,4.75907,52.41104,4.7889,52.38963,XJHB-jwZI,52.41104 4.75907,52.38963 4.7889,08/08/2011 14:15,5,3
39.263,201108081430,-64.0,-60.0,3.12961,4.75907,52.41104,4.7889,52.38963,XJHB-jwZI,52.41104 4.75907,52.38963 4.7889,08/08/2011 14:30,5,3
39.263,201108081445,-61.0,-60.0,3.12961,4.75907,52.41104,4.7889,52.38963,XJHB-jwZI,52.41104 4.75907,52.38963 4.7889,08/08/2011 14:45,5,3
39.263,201108081500,-61.0,-59.0,3.12961,4.75907,52.41104,4.7889,52.38963,XJHB-jwZI,52.41104 4.75907,52.38963 4.7889,08/08/2011 15:00,5,3
39.263,201108081515,-61.0,-60.0,3.12961,4.75907,52.41104,4.7889,52.38963,XJHB-jwZI,52.41104 4.75907,52.38963 4.7889,08/08/2011 15:15,5,3
39.263,201108081530,-61.0,-60.0,3.12961,4.75907,52.41104,4.7889,52.38963,XJHB-jwZI,52.41104 4.75907,52.38963 4.7889,08/08/2011 15:30,5,3
39.263,201108081545,-61.0,-60.0,3.12961,4.75907,52.41104,4.7889,52.38963,XJHB-jwZI,52.41104 4.75907,52.38963 4.7889,08/08/2011 15:45,5,3
39.263,201108081600,-61.0,-60.0,3.12961,4.75907,52.41104,4.7889,52.38963,XJHB-jwZI,52.41104 4.75907,52.38963 4.7889,08/08/2011 16:00,5,3
39.263,201108081630,-61.0,-60.0,3.12961,4.75907,52.41104,4.7889,52.38963,XJHB-jwZI,52.41104 4.75907,52.38963 4.7889,08/08/2011 16:30,5,3
39.263,201108081645,-61.0,-60.0,3.12961,4.75907,52.41104,4.7889,52.38963,XJHB-jwZI,52.41104 4.75907,52.38963 4.7889,08/08/2011 16:45,5,3
39.263,201108081700,-62.0,-60.0,3.12961,4.75907,52.41104,4.7889,52.38963,XJHB-jwZI,52.41104 4.75907,52.38963 4.7889,08/08/2011 17:00,5,3
39.263,201108081715,-62.0,-60.0,3.12961,4.75907,52.41104,4.7889,52.38963,XJHB-jwZI,52.41104 4.75907,52.38963 4.7889,08/08/2011 17:15,5,3
39.263,201108081730,-61.0,-60.0,3.12961,4.75907,52.41104,4.7889,52.38963,XJHB-jwZI,52.41104 4.75907,52.38963 4.7889,08/08/2011 17:30,5,3
39.263,201108081745,-61.0,-60.0,3.12961,4.75907,52.41104,4.7889,52.38963,XJHB-jwZI,52.41104 4.75907,52.38963 4.7889,08/08/2011 17:45,5,3
39.263,201108081800,-61.0,-60.0,3.12961,4.75907,52.41104,4.7889,52.38963,XJHB-jwZI,52.41104 4.75907,52.38963 4.7889,08/08/2011 18:00,5,3
39.263,201108081815,-62.0,-60.0,3.12961,4.75907,52.41104,4.7889,52.38963,XJHB-jwZI,52.41104 4.75907,52.38963 4.7889,08/08/2011 18:15,5,3
39.263,201108081830,-61.0,-60.0,3.12961,4.75907,52.41104,4.7889,52.38963,XJHB-jwZI,52.41104 4.75907,52.38963 4.7889,08/08/2011 18:30,5,3
39.263,201108081845,-64.0,-60.0,3.12961,4.75907,52.41104,4.7889,52.38963,XJHB-jwZI,52.41104 4.75907,52.38963 4.7889,08/08/2011 18:45,5,3
39.263,201108081900,-79.0,-63.0,3.12961,4.75907,52.41104,4.7889,52.38963,XJHB-jwZI,52.41104 4.75907,52.38963 4.7889,08/08/2011 19:00,5,3
39.263,201108081915,-75.0,-62.0,3.12961,4.75907,52.41104,4.7889,52.38963,XJHB-jwZI,52.41104 4.75907,52.38963 4.7889,08/08/2011 19:15,5,3
39.263,201108081930,-63.0,-60.0,3.12961,4.75907,52.41104,4.7889,52.38963,XJHB-jwZI,52.41104 4.75907,52.38963 4.7889,08/08/2011 19:30,5,3
39.263,201108081945,-61.0,-60.0,3.12961,4.75907,52.41104,4.7889,52.38963,XJHB-jwZI,52.41104 4.75907,52.38963 4.7889,08/08/2011 19:45,5,3
39.263,201108082000,-65.0,-60.0,3.12961,4.75907,52.41104,4.7889,52.38963,XJHB-jwZI,52.41104 4.75907,52.38963 4.7889,08/08/2011 20:00,5,3
39.263,201108082015,-67.0,-62.0,3.12961,4.75907,52.41104,4.7889,52.38963,XJHB-jwZI,52.41104 4.75907,52.38963 4.7889,08/08/2011 20:15,5,3
39.263,201108082030,-63.0,-61.0,3.12961,4.75907,52.41104,4.7889,52.38963,XJHB-jwZI,52.41104 4.75907,52.38963 4.7889,08/08/2011 20:30,5,3
39.263,201108082045,-62.0,-60.0,3.12961,4.75907,52.41104,4.7889,52.38963,XJHB-jwZI,52.41104 4.75907,52.38963 4.7889,08/08/2011 20:45,5,3
39.263,201108082100,-61.0,-60.0,3.12961,4.75907,52.41104,4.7889,52.38963,XJHB-jwZI,52.41104 4.75907,52.38963 4.7889,08/08/2011 21:00,5,3
39.263,201108082115,-61.0,-60.0,3.12961,4.75907,52.41104,4.7889,52.38963,XJHB-jwZI,52.41104 4.75907,52.38963 4.7889,08/08/2011 21:15,5,3
39.263,201108082130,-62.0,-60.0,3.12961,4.75907,52.41104,4.7889,52.38963,XJHB-jwZI,52.41104 4.75907,52.38963 4.7889,08/08/2011 21:30,5,3
39.263,201108082145,-62.0,-61.0,3.12961,4.75907,52.41104,4.7889,52.38963,XJHB-jwZI,52.41104 4.75907,52.38963 4.7889,08/08/2011 21:45,5,3
39.263,201108082200,-62.0,-61.0,3.12961,4.75907,52.41104,4.7889,52.38963,XJHB-jwZI,52.41104 4.75907,52.38963 4.7889,08/08/2011 22:00,5,3
39.263,201108082215,-61.0,-60.0,3.12961,4.75907,52.41104,4.7889,52.38963,XJHB-jwZI,52.41104 4.75907,52.38963 4.7889,08/08/2011 22:15,5,3
39.263,201108082230,-62.0,-60.0,3.12961,4.75907,52.41104,4.7889,52.38963,XJHB-jwZI,52.41104 4.75907,52.38963 4.7889,08/08/2011 22:30,5,3
39.263,201108082245,-61.0,-60.0,3.12961,4.75907,52.41104,4.7889,52.38963,XJHB-jwZI,52.41104 4.75907,52.38963 4.7889,08/08/2011 22:45,5,3
39.263,201108082300,-61.0,-60.0,3.12961,4.75907,52.41104,4.7889,52.38963,XJHB-jwZI,52.41104 4.75907,52.38963 4.7889,08/08/2011 23:00,5,3
39.263,201108082315,-61.0,-60.0,3.12961,4.75907,52.41104,4.7889,52.38963,XJHB-jwZI,52.41104 4.75907,52.38963 4.7889,08/08/2011 23:15,5,3
39.263,201108082330,-62.0,-60.0,3.12961,4.75907,52.41104,4.7889,52.38963,XJHB-jwZI,52.41104 4.75907,52.38963 4.7889,08/08/2011 23:30,5,3
39.263,201108082345,-61.0,-60.0,3.12961,4.75907,52.41104,4.7889,52.38963,XJHB-jwZI,52.41104 4.75907,52.38963 4.7889,08/08/2011 23:45,5,3
39.263,201108090000,-61.0,-60.0,3.12961,4.75907,52.41104,4.7889,52.38963,XJHB-jwZI,52.41104 4.75907,52.38963 4.7889,09/08/2011 00:00,5,3
39.263,201108090015,-61.0,-60.0,3.12961,4.75907,52.41104,4.7889,52.38963,XJHB-jwZI,52.41104 4.75907,52.38963 4.7889,09/08/2011 00:15,5,3
39.263,201108090030,-61.0,-60.0,3.12961,4.75907,52.41104,4.7889,52.38963,XJHB-jwZI,52.41104 4.75907,52.38963 4.7889,09/08/2011 00:30,5,3
39.263,201108090045,-61.0,-60.0,3.12961,4.75907,52.41104,4.7889,52.38963,XJHB-jwZI,52.41104 4.75907,52.38963 4.7889,09/08/2011 00:45,5,3
39.263,201108090100,-61.0,-60.0,3.12961,4.75907,52.41104,4.7889,52.38963,XJHB-jwZI,52.41104 4.75907,52.38963 4.7889,09/08/2011 01:00,5,3
39.263,201108090115,-61.0,-60.0,3.12961,4.75907,52.41104,4.7889,52.38963,XJHB-jwZI,52.41104 4.75907,52.38963 4.7889,09/08/2011 01:15,5,3
39.263,201108090130,-61.0,-60.0,3.12961,4.75907,52.41104,4.7889,52.38963,XJHB-jwZI,52.41104 4.75907,52.38963 4.7889,09/08/2011 01:30,5,3
39.263,201108090145,-61.0,-60.0,3.12961,4.75907,52.41104,4.7889,52.38963,XJHB-jwZI,52.41104 4.75907,52.38963 4.7889,09/08/2011 01:45,5,3
39.263,201108090200,-61.0,-60.0,3.12961,4.75907,52.41104,4.7889,52.38963,XJHB-jwZI,52.41104 4.75907,52.38963 4.7889,09/08/2011 02:00,5,3
39.263,201108090215,-61.0,-60.0,3.12961,4.75907,52.41104,4.7889,52.38963,XJHB-jwZI,52.41104 4.75907,52.38963 4.7889,09/08/2011 02:15,5,3
39.263,201108090230,-61.0,-60.0,3.12961,4.75907,52.41104,4.7889,52.38963,XJHB-jwZI,52.41104 4.75907,52.38963 4.7889,09/08/2011 02:30,5,3
39.263,201108090245,-61.0,-60.0,3.12961,4.75907,52.41104,4.7889,52.38963,XJHB-jwZI,52.41104 4.75907,52.38963 4.7889,09/08/2011 02:45,5,3
39.263,201108090300,-61.0,-60.0,3.12961,4.75907,52.41104,4.7889,52.38963,XJHB-jwZI,52.41104 4.75907,52.38963 4.7889,09/08/2011 03:00,5,3
39.263,201108090315,-62.0,-60.0,3.12961,4.75907,52.41104,4.7889,52.38963,XJHB-jwZI,52.41104 4.75907,52.38963 4.7889,09/08/2011 03:15,5,3
39.263,201108090330,-62.0,-61.0,3.12961,4.75907,52.41104,4.7889,52.38963,XJHB-jwZI,52.41104 4.75907,52.38963 4.7889,09/08/2011 03:30,5,3
39.263,201108090345,-69.0,-61.0,3.12961,4.75907,52.41104,4.7889,52.38963,XJHB-jwZI,52.41104 4.75907,52.38963 4.7889,09/08/2011 03:45,5,3
39.263,201108090400,-61.0,-60.0,3.12961,4.75907,52.41104,4.7889,52.38963,XJHB-jwZI,52.41104 4.75907,52.38963 4.7889,09/08/2011 04:00,5,3
39.263,201108090415,-62.0,-60.0,3.12961,4.75907,52.41104,4.7889,52.38963,XJHB-jwZI,52.41104 4.75907,52.38963 4.7889,09/08/2011 04:15,5,3
39.263,201108090430,-61.0,-61.0,3.12961,4.75907,52.41104,4.7889,52.38963,XJHB-jwZI,52.41104 4.75907,52.38963 4.7889,09/08/2011 04:30,5,3
39.263,201108090445,-61.0,-60.0,3.12961,4.75907,52.41104,4.7889,52.38963,XJHB-jwZI,52.41104 4.75907,52.38963 4.7889,09/08/2011 04:45,5,3
39.263,201108090500,-61.0,-60.0,3.12961,4.75907,52.41104,4.7889,52.38963,XJHB-jwZI,52.41104 4.75907,52.38963 4.7889,09/08/2011 05:00,5,3
39.263,201108090515,-61.0,-60.0,3.12961,4.75907,52.41104,4.7889,52.38963,XJHB-jwZI,52.41104 4.75907,52.38963 4.7889,09/08/2011 05:15,5,3
39.263,201108090530,-61.0,-60.0,3.12961,4.75907,52.41104,4.7889,52.38963,XJHB-jwZI,52.41104 4.75907,52.38963 4.7889,09/08/2011 05:30,5,3
39.263,201108090545,-62.0,-60.0,3.12961,4.75907,52.41104,4.7889,52.38963,XJHB-jwZI,52.41104 4.75907,52.38963 4.7889,09/08/2011 05:45,5,3
39.263,201108090600,-62.0,-60.0,3.12961,4.75907,52.41104,4.7889,52.38963,XJHB-jwZI,52.41104 4.75907,52.38963 4.7889,09/08/2011 06:00,5,3
39.263,201108090615,-61.0,-60.0,3.12961,4.75907,52.41104,4.7889,52.38963,XJHB-jwZI,52.41104 4.75907,52.38963 4.7889,09/08/2011 06:15,5,3
39.263,201108090630,-61.0,-60.0,3.12961,4.75907,52.41104,4.7889,52.38963,XJHB-jwZI,52.41104 4.75907,52.38963 4.7889,09/08/2011 06:30,5,3
39.263,201108090645,-61.0,-60.0,3.12961,4.75907,52.41104,4.7889,52.38963,XJHB-jwZI,52.41104 4.75907,52.38963 4.7889,09/08/2011 06:45,5,3
39.263,201108090700,-61.0,-60.0,3.12961,4.75907,52.41104,4.7889,52.38963,XJHB-jwZI,52.41104 4.75907,52.38963 4.7889,09/08/2011 07:00,5,3
39.263,201108090715,-61.0,-60.0,3.12961,4.75907,52.41104,4.7889,52.38963,XJHB-jwZI,52.41104 4.75907,52.38963 4.7889,09/08/2011 07:15,5,3
39.263,201108090730,-62.0,-60.0,3.12961,4.75907,52.41104,4.7889,52.38963,XJHB-jwZI,52.41104 4.75907,52.38963 4.7889,09/08/2011 07:30,5,3
39.263,201108090745,-62.0,-61.0,3.12961,4.75907,52.41104,4.7889,52.38963,XJHB-jwZI,52.41104 4.75907,52.38963 4.7889,09/08/2011 07:45,5,3
39.263,201108090800,-62.0,-60.0,3.12961,4.75907,52.41104,4.7889,52.38963,XJHB-jwZI,52.41104 4.75907,52.38963 4.7889,09/08/2011 08:00,5,3
39.263,201108120815,-62.0,-61.0,3.12961,4.75907,52.41104,4.7889,52.38963,XJHB-jwZI,52.41104 4.75907,52.38963 4.7889,12/08/2011 08:15,5,3
39.263,201108120830,-62.0,-61.0,3.12961,4.75907,52.41104,4.7889,52.38963,XJHB-jwZI,52.41104 4.75907,52.38963 4.7889,12/08/2011 08:30,5,3
39.263,201108120845,-62.0,-61.0,3.12961,4.75907,52.41104,4.7889,52.38963,XJHB-jwZI,52.41104 4.75907,52.38963 4.7889,12/08/2011 08:45,5,3
39.263,201108120900,-61.0,-60.0,3.12961,4.75907,52.41104,4.7889,52.38963,XJHB-jwZI,52.41104 4.75907,52.38963 4.7889,12/08/2011 09:00,5,3
39.263,201108120915,-61.0,-60.0,3.12961,4.75907,52.41104,4.7889,52.38963,XJHB-jwZI,52.41104 4.75907,52.38963 4.7889,12/08/2011 09:15,5,3
39.263,201108120930,-61.0,-61.0,3.12961,4.75907,52.41104,4.7889,52.38963,XJHB-jwZI,52.41104 4.75907,52.38963 4.7889,12/08/2011 09:30,5,3
39.263,201108120945,-61.0,-60.0,3.12961,4.75907,52.41104,4.7889,52.38963,XJHB-jwZI,52.41104 4.75907,52.38963 4.7889,12/08/2011 09:45,5,3
39.263,201108121000,-61.0,-60.0,3.12961,4.75907,52.41104,4.7889,52.38963,XJHB-jwZI,52.41104 4.75907,52.38963 4.7889,12/08/2011 10:00,5,3
39.263,201108121015,-61.0,-61.0,3.12961,4.75907,52.41104,4.7889,52.38963,XJHB-jwZI,52.41104 4.75907,52.38963 4.7889,12/08/2011 10:15,5,3
39.263,201108121030,-61.0,-61.0,3.12961,4.75907,52.41104,4.7889,52.38963,XJHB-jwZI,52.41104 4.75907,52.38963 4.7889,12/08/2011 10:30,5,3
39.263,201108121045,-61.0,-61.0,3.12961,4.75907,52.41104,4.7889,52.38963,XJHB-jwZI,52.41104 4.75907,52.38963 4.7889,12/08/2011 10:45,5,3
39.263,201108121100,-62.0,-61.0,3.12961,4.75907,52.41104,4.7889,52.38963,XJHB-jwZI,52.41104 4.75907,52.38963 4.7889,12/08/2011 11:00,5,3
39.263,201108121115,-63.0,-61.0,3.12961,4.75907,52.41104,4.7889,52.38963,XJHB-jwZI,52.41104 4.75907,52.38963 4.7889,12/08/2011 11:15,5,3
39.263,201108121130,-62.0,-62.0,3.12961,4.75907,52.41104,4.7889,52.38963,XJHB-jwZI,52.41104 4.75907,52.38963 4.7889,12/08/2011 11:30,5,3
39.263,201108121145,-62.0,-61.0,3.12961,4.75907,52.41104,4.7889,52.38963,XJHB-jwZI,52.41104 4.75907,52.38963 4.7889,12/08/2011 11:45,5,3
39.263,201108121200,-62.0,-61.0,3.12961,4.75907,52.41104,4.7889,52.38963,XJHB-jwZI,52.41104 4.75907,52.38963 4.7889,12/08/2011 12:00,5,3
39.263,201108121215,-62.0,-61.0,3.12961,4.75907,52.41104,4.7889,52.38963,XJHB-jwZI,52.41104 4.75907,52.38963 4.7889,12/08/2011 12:15,5,3
39.263,201108121230,-61.0,-61.0,3.12961,4.75907,52.41104,4.7889,52.38963,XJHB-jwZI,52.41104 4.75907,52.38963 4.7889,12/08/2011 12:30,5,3
39.263,201108121245,-61.0,-61.0,3.12961,4.75907,52.41104,4.7889,52.38963,XJHB-jwZI,52.41104 4.75907,52.38963 4.7889,12/08/2011 12:45,5,3
39.263,201108121300,-61.0,-61.0,3.12961,4.75907,52.41104,4.7889,52.38963,XJHB-jwZI,52.41104 4.75907,52.38963 4.7889,12/08/2011 13:00,5,3
39.263,201108121315,-61.0,-61.0,3.12961,4.75907,52.41104,4.7889,52.38963,XJHB-jwZI,52.41104 4.75907,52.38963 4.7889,12/08/2011 13:15,5,3
39.263,201108121330,-61.0,-61.0,3.12961,4.75907,52.41104,4.7889,52.38963,XJHB-jwZI,52.41104 4.75907,52.38963 4.7889,12/08/2011 13:30,5,3
39.263,201108121345,-61.0,-61.0,3.12961,4.75907,52.41104,4.7889,52.38963,XJHB-jwZI,52.41104 4.75907,52.38963 4.7889,12/08/2011 13:45,5,3
39.263,201108121400,-61.0,-61.0,3.12961,4.75907,52.41104,4.7889,52.38963,XJHB-jwZI,52.41104 4.75907,52.38963 4.7889,12/08/2011 14:00,5,3
39.263,201108121415,-61.0,-61.0,3.12961,4.75907,52.41104,4.7889,52.38963,XJHB-jwZI,52.41104 4.75907,52.38963 4.7889,12/08/2011 14:15,5,3
39.263,201108121430,-61.0,-60.0,3.12961,4.75907,52.41104,4.7889,52.38963,XJHB-jwZI,52.41104 4.75907,52.38963 4.7889,12/08/2011 14:30,5,3
39.263,201108121445,-61.0,-61.0,3.12961,4.75907,52.41104,4.7889,52.38963,XJHB-jwZI,52.41104 4.75907,52.38963 4.7889,12/08/2011 14:45,5,3
39.263,201108121500,-62.0,-61.0,3.12961,4.75907,52.41104,4.7889,52.38963,XJHB-jwZI,52.41104 4.75907,52.38963 4.7889,12/08/2011 15:00,5,3
39.263,201108121515,-61.0,-60.0,3.12961,4.75907,52.41104,4.7889,52.38963,XJHB-jwZI,52.41104 4.75907,52.38963 4.7889,12/08/2011 15:15,5,3
39.263,201108121530,-62.0,-60.0,3.12961,4.75907,52.41104,4.7889,52.38963,XJHB-jwZI,52.41104 4.75907,52.38963 4.7889,12/08/2011 15:30,5,3
39.263,201108121545,-62.0,-61.0,3.12961,4.75907,52.41104,4.7889,52.38963,XJHB-jwZI,52.41104 4.75907,52.38963 4.7889,12/08/2011 15:45,5,3
39.263,201108121600,-62.0,-60.0,3.12961,4.75907,52.41104,4.7889,52.38963,XJHB-jwZI,52.41104 4.75907,52.38963 4.7889,12/08/2011 16:00,5,3
39.263,201108121630,-61.0,-61.0,3.12961,4.75907,52.41104,4.7889,52.38963,XJHB-jwZI,52.41104 4.75907,52.38963 4.7889,12/08/2011 16:30,5,3
39.263,201108121645,-62.0,-61.0,3.12961,4.75907,52.41104,4.7889,52.38963,XJHB-jwZI,52.41104 4.75907,52.38963 4.7889,12/08/2011 16:45,5,3
39.263,201108121700,-61.0,-61.0,3.12961,4.75907,52.41104,4.7889,52.38963,XJHB-jwZI,52.41104 4.75907,52.38963 4.7889,12/08/2011 17:00,5,3
39.263,201108121715,-61.0,-61.0,3.12961,4.75907,52.41104,4.7889,52.38963,XJHB-jwZI,52.41104 4.75907,52.38963 4.7889,12/08/2011 17:15,5,3
39.263,201108121730,-61.0,-61.0,3.12961,4.75907,52.41104,4.7889,52.38963,XJHB-jwZI,52.41104 4.75907,52.38963 4.7889,12/08/2011 17:30,5,3
39.263,201108121745,-61.0,-61.0,3.12961,4.75907,52.41104,4.7889,52.38963,XJHB-jwZI,52.41104 4.75907,52.38963 4.7889,12/08/2011 17:45,5,3
39.263,201108121800,-61.0,-61.0,3.12961,4.75907,52.41104,4.7889,52.38963,XJHB-jwZI,52.41104 4.75907,52.38963 4.7889,12/08/2011 18:00,5,3
39.263,201108121815,-61.0,-61.0,3.12961,4.75907,52.41104,4.7889,52.38963,XJHB-jwZI,52.41104 4.75907,52.38963 4.7889,12/08/2011 18:15,5,3
39.263,201108121830,-61.0,-61.0,3.12961,4.75907,52.41104,4.7889,52.38963,XJHB-jwZI,52.41104 4.75907,52.38963 4.7889,12/08/2011 18:30,5,3
39.263,201108121845,-61.0,-60.0,3.12961,4.75907,52.41104,4.7889,52.38963,XJHB-jwZI,52.41104 4.75907,52.38963 4.7889,12/08/2011 18:45,5,3
39.263,201108121900,-61.0,-60.0,3.12961,4.75907,52.41104,4.7889,52.38963,XJHB-jwZI,52.41104 4.75907,52.38963 4.7889,12/08/2011 19:00,5,3
39.263,201108121915,-61.0,-60.0,3.12961,4.75907,52.41104,4.7889,52.38963,XJHB-jwZI,52.41104 4.75907,52.38963 4.7889,12/08/2011 19:15,5,3
39.263,201108121930,-61.0,-60.0,3.12961,4.75907,52.41104,4.7889,52.38963,XJHB-jwZI,52.41104 4.75907,52.38963 4.7889,12/08/2011 19:30,5,3
39.263,201108121945,-61.0,-60.0,3.12961,4.75907,52.41104,4.7889,52.38963,XJHB-jwZI,52.41104 4.75907,52.38963 4.7889,12/08/2011 19:45,5,3
39.263,201108122000,-61.0,-60.0,3.12961,4.75907,52.41104,4.7889,52.38963,XJHB-jwZI,52.41104 4.75907,52.38963 4.7889,12/08/2011 20:00,5,3
39.263,201108122015,-61.0,-60.0,3.12961,4.75907,52.41104,4.7889,52.38963,XJHB-jwZI,52.41104 4.75907,52.38963 4.7889,12/08/2011 20:15,5,3
39.263,201108122030,-61.0,-60.0,3.12961,4.75907,52.41104,4.7889,52.38963,XJHB-jwZI,52.41104 4.75907,52.38963 4.7889,12/08/2011 20:30,5,3
39.263,201108122045,-61.0,-60.0,3.12961,4.75907,52.41104,4.7889,52.38963,XJHB-jwZI,52.41104 4.75907,52.38963 4.7889,12/08/2011 20:45,5,3
39.263,201108122100,-60.0,-60.0,3.12961,4.75907,52.41104,4.7889,52.38963,XJHB-jwZI,52.41104 4.75907,52.38963 4.7889,12/08/2011 21:00,5,3
39.263,201108122115,-60.0,-60.0,3.12961,4.75907,52.41104,4.7889,52.38963,XJHB-jwZI,52.41104 4.75907,52.38963 4.7889,12/08/2011 21:15,5,3
39.263,201108122130,-60.0,-60.0,3.12961,4.75907,52.41104,4.7889,52.38963,XJHB-jwZI,52.41104 4.75907,52.38963 4.7889,12/08/2011 21:30,5,3
39.263,201108122145,-61.0,-60.0,3.12961,4.75907,52.41104,4.7889,52.38963,XJHB-jwZI,52.41104 4.75907,52.38963 4.7889,12/08/2011 21:45,5,3
39.263,201108122200,-61.0,-60.0,3.12961,4.75907,52.41104,4.7889,52.38963,XJHB-jwZI,52.41104 4.75907,52.38963 4.7889,12/08/2011 22:00,5,3
39.263,201108122215,-61.0,-60.0,3.12961,4.75907,52.41104,4.7889,52.38963,XJHB-jwZI,52.41104 4.75907,52.38963 4.7889,12/08/2011 22:15,5,3
39.263,201108122230,-60.0,-60.0,3.12961,4.75907,52.41104,4.7889,52.38963,XJHB-jwZI,52.41104 4.75907,52.38963 4.7889,12/08/2011 22:30,5,3
39.263,201108122245,-60.0,-60.0,3.12961,4.75907,52.41104,4.7889,52.38963,XJHB-jwZI,52.41104 4.75907,52.38963 4.7889,12/08/2011 22:45,5,3
39.263,201108122300,-60.0,-60.0,3.12961,4.75907,52.41104,4.7889,52.38963,XJHB-jwZI,52.41104 4.75907,52.38963 4.7889,12/08/2011 23:00,5,3
39.263,201108122315,-60.0,-60.0,3.12961,4.75907,52.41104,4.7889,52.38963,XJHB-jwZI,52.41104 4.75907,52.38963 4.7889,12/08/2011 23:15,5,3
39.263,201108122330,-60.0,-60.0,3.12961,4.75907,52.41104,4.7889,52.38963,XJHB-jwZI,52.41104 4.75907,52.38963 4.7889,12/08/2011 23:30,5,3
39.263,201108122345,-60.0,-60.0,3.12961,4.75907,52.41104,4.7889,52.38963,XJHB-jwZI,52.41104 4.75907,52.38963 4.7889,12/08/2011 23:45,5,3
39.263,201108130000,-60.0,-60.0,3.12961,4.75907,52.41104,4.7889,52.38963,XJHB-jwZI,52.41104 4.75907,52.38963 4.7889,13/08/2011 00:00,5,3
39.263,201108130015,-60.0,-60.0,3.12961,4.75907,52.41104,4.7889,52.38963,XJHB-jwZI,52.41104 4.75907,52.38963 4.7889,13/08/2011 00:15,5,3
39.263,201108130030,-60.0,-60.0,3.12961,4.75907,52.41104,4.7889,52.38963,XJHB-jwZI,52.41104 4.75907,52.38963 4.7889,13/08/2011 00:30,5,3
39.263,201108130045,-61.0,-60.0,3.12961,4.75907,52.41104,4.7889,52.38963,XJHB-jwZI,52.41104 4.75907,52.38963 4.7889,13/08/2011 00:45,5,3
39.263,201108130100,-60.0,-60.0,3.12961,4.75907,52.41104,4.7889,52.38963,XJHB-jwZI,52.41104 4.75907,52.38963 4.7889,13/08/2011 01:00,5,3
39.263,201108130115,-60.0,-60.0,3.12961,4.75907,52.41104,4.7889,52.38963,XJHB-jwZI,52.41104 4.75907,52.38963 4.7889,13/08/2011 01:15,5,3
39.263,201108130130,-60.0,-60.0,3.12961,4.75907,52.41104,4.7889,52.38963,XJHB-jwZI,52.41104 4.75907,52.38963 4.7889,13/08/2011 01:30,5,3
39.263,201108130145,-60.0,-60.0,3.12961,4.75907,52.41104,4.7889,52.38963,XJHB-jwZI,52.41104 4.75907,52.38963 4.7889,13/08/2011 01:45,5,3
39.263,201108130200,-61.0,-60.0,3.12961,4.75907,52.41104,4.7889,52.38963,XJHB-jwZI,52.41104 4.75907,52.38963 4.7889,13/08/2011 02:00,5,3
39.263,201108130215,-61.0,-60.0,3.12961,4.75907,52.41104,4.7889,52.38963,XJHB-jwZI,52.41104 4.75907,52.38963 4.7889,13/08/2011 02:15,5,3
39.263,201108130230,-61.0,-60.0,3.12961,4.75907,52.41104,4.7889,52.38963,XJHB-jwZI,52.41104 4.75907,52.38963 4.7889,13/08/2011 02:30,5,3
39.263,201108130245,-61.0,-60.0,3.12961,4.75907,52.41104,4.7889,52.38963,XJHB-jwZI,52.41104 4.75907,52.38963 4.7889,13/08/2011 02:45,5,3
39.263,201108130300,-61.0,-60.0,3.12961,4.75907,52.41104,4.7889,52.38963,XJHB-jwZI,52.41104 4.75907,52.38963 4.7889,13/08/2011 03:00,5,3
39.263,201108130315,-61.0,-60.0,3.12961,4.75907,52.41104,4.7889,52.38963,XJHB-jwZI,52.41104 4.75907,52.38963 4.7889,13/08/2011 03:15,5,3
39.263,201108130330,-61.0,-60.0,3.12961,4.75907,52.41104,4.7889,52.38963,XJHB-jwZI,52.41104 4.75907,52.38963 4.7889,13/08/2011 03:30,5,3
39.263,201108130345,-64.0,-60.0,3.12961,4.75907,52.41104,4.7889,52.38963,XJHB-jwZI,52.41104 4.75907,52.38963 4.7889,13/08/2011 03:45,5,3
39.263,201108130400,-64.0,-63.0,3.12961,4.75907,52.41104,4.7889,52.38963,XJHB-jwZI,52.41104 4.75907,52.38963 4.7889,13/08/2011 04:00,5,3
39.263,201108130415,-63.0,-62.0,3.12961,4.75907,52.41104,4.7889,52.38963,XJHB-jwZI,52.41104 4.75907,52.38963 4.7889,13/08/2011 04:15,5,3
39.263,201108130430,-62.0,-61.0,3.12961,4.75907,52.41104,4.7889,52.38963,XJHB-jwZI,52.41104 4.75907,52.38963 4.7889,13/08/2011 04:30,5,3
39.263,201108130445,-62.0,-61.0,3.12961,4.75907,52.41104,4.7889,52.38963,XJHB-jwZI,52.41104 4.75907,52.38963 4.7889,13/08/2011 04:45,5,3
39.263,201108130500,-62.0,-62.0,3.12961,4.75907,52.41104,4.7889,52.38963,XJHB-jwZI,52.41104 4.75907,52.38963 4.7889,13/08/2011 05:00,5,3
39.263,201108130515,-62.0,-61.0,3.12961,4.75907,52.41104,4.7889,52.38963,XJHB-jwZI,52.41104 4.75907,52.38963 4.7889,13/08/2011 05:15,5,3
39.263,201108130530,-61.0,-61.0,3.12961,4.75907,52.41104,4.7889,52.38963,XJHB-jwZI,52.41104 4.75907,52.38963 4.7889,13/08/2011 05:30,5,3
39.263,201108130545,-61.0,-61.0,3.12961,4.75907,52.41104,4.7889,52.38963,XJHB-jwZI,52.41104 4.75907,52.38963 4.7889,13/08/2011 05:45,5,3
39.263,201108130600,-61.0,-60.0,3.12961,4.75907,52.41104,4.7889,52.38963,XJHB-jwZI,52.41104 4.75907,52.38963 4.7889,13/08/2011 06:00,5,3
39.263,201108130615,-61.0,-60.0,3.12961,4.75907,52.41104,4.7889,52.38963,XJHB-jwZI,52.41104 4.75907,52.38963 4.7889,13/08/2011 06:15,5,3
39.263,201108130630,-61.0,-60.0,3.12961,4.75907,52.41104,4.7889,52.38963,XJHB-jwZI,52.41104 4.75907,52.38963 4.7889,13/08/2011 06:30,5,3
39.263,201108130645,-61.0,-60.0,3.12961,4.75907,52.41104,4.7889,52.38963,XJHB-jwZI,52.41104 4.75907,52.38963 4.7889,13/08/2011 06:45,5,3
39.263,201108130700,-61.0,-60.0,3.12961,4.75907,52.41104,4.7889,52.38963,XJHB-jwZI,52.41104 4.75907,52.38963 4.7889,13/08/2011 07:00,5,3
39.263,201108130715,-61.0,-60.0,3.12961,4.75907,52.41104,4.7889,52.38963,XJHB-jwZI,52.41104 4.75907,52.38963 4.7889,13/08/2011 07:15,5,3
39.263,201108130730,-61.0,-60.0,3.12961,4.75907,52.41104,4.7889,52.38963,XJHB-jwZI,52.41104 4.75907,52.38963 4.7889,13/08/2011 07:30,5,3
39.263,201108130745,-61.0,-60.0,3.12961,4.75907,52.41104,4.7889,52.38963,XJHB-jwZI,52.41104 4.75907,52.38963 4.7889,13/08/2011 07:45,5,3
39.263,201108130800,-61.0,-60.0,3.12961,4.75907,52.41104,4.7889,52.38963,XJHB-jwZI,52.41104 4.75907,52.38963 4.7889,13/08/2011 08:00,5,3
39.263,201108130815,-62.0,-60.0,3.12961,4.75907,52.41104,4.7889,52.38963,XJHB-jwZI,52.41104 4.75907,52.38963 4.7889,13/08/2011 08:15,5,3
39.263,201108130830,-61.0,-60.0,3.12961,4.75907,52.41104,4.7889,52.38963,XJHB-jwZI,52.41104 4.75907,52.38963 4.7889,13/08/2011 08:30,5,3
39.263,201108130845,-61.0,-60.0,3.12961,4.75907,52.41104,4.7889,52.38963,XJHB-jwZI,52.41104 4.75907,52.38963 4.7889,13/08/2011 08:45,5,3
39.263,201108130900,-61.0,-60.0,3.12961,4.75907,52.41104,4.7889,52.38963,XJHB-jwZI,52.41104 4.75907,52.38963 4.7889,13/08/2011 09:00,5,3
39.263,201108130915,-61.0,-60.0,3.12961,4.75907,52.41104,4.7889,52.38963,XJHB-jwZI,52.41104 4.75907,52.38963 4.7889,13/08/2011 09:15,5,3
39.263,201108130930,-61.0,-60.0,3.12961,4.75907,52.41104,4.7889,52.38963,XJHB-jwZI,52.41104 4.75907,52.38963 4.7889,13/08/2011 09:30,5,3
39.263,201108130945,-61.0,-60.0,3.12961,4.75907,52.41104,4.7889,52.38963,XJHB-jwZI,52.41104 4.75907,52.38963 4.7889,13/08/2011 09:45,5,3
39.263,201108131000,-61.0,-60.0,3.12961,4.75907,52.41104,4.7889,52.38963,XJHB-jwZI,52.41104 4.75907,52.38963 4.7889,13/08/2011 10:00,5,3
39.263,201108131015,-61.0,-60.0,3.12961,4.75907,52.41104,4.7889,52.38963,XJHB-jwZI,52.41104 4.75907,52.38963 4.7889,13/08/2011 10:15,5,3
39.263,201108131030,-61.0,-60.0,3.12961,4.75907,52.41104,4.7889,52.38963,XJHB-jwZI,52.41104 4.75907,52.38963 4.7889,13/08/2011 10:30,5,3
39.263,201108131045,-61.0,-60.0,3.12961,4.75907,52.41104,4.7889,52.38963,XJHB-jwZI,52.41104 4.75907,52.38963 4.7889,13/08/2011 10:45,5,3
39.263,201108131100,-61.0,-60.0,3.12961,4.75907,52.41104,4.7889,52.38963,XJHB-jwZI,52.41104 4.75907,52.38963 4.7889,13/08/2011 11:00,5,3
39.263,201108131115,-61.0,-60.0,3.12961,4.75907,52.41104,4.7889,52.38963,XJHB-jwZI,52.41104 4.75907,52.38963 4.7889,13/08/2011 11:15,5,3
39.263,201108131130,-61.0,-60.0,3.12961,4.75907,52.41104,4.7889,52.38963,XJHB-jwZI,52.41104 4.75907,52.38963 4.7889,13/08/2011 11:30,5,3
39.263,201108131145,-61.0,-60.0,3.12961,4.75907,52.41104,4.7889,52.38963,XJHB-jwZI,52.41104 4.75907,52.38963 4.7889,13/08/2011 11:45,5,3
39.263,201108131200,-61.0,-60.0,3.12961,4.75907,52.41104,4.7889,52.38963,XJHB-jwZI,52.41104 4.75907,52.38963 4.7889,13/08/2011 12:00,5,3
39.263,201108131215,-61.0,-60.0,3.12961,4.75907,52.41104,4.7889,52.38963,XJHB-jwZI,52.41104 4.75907,52.38963 4.7889,13/08/2011 12:15,5,3
39.263,201108131230,-61.0,-60.0,3.12961,4.75907,52.41104,4.7889,52.38963,XJHB-jwZI,52.41104 4.75907,52.38963 4.7889,13/08/2011 12:30,5,3
39.263,201108131245,-61.0,-60.0,3.12961,4.75907,52.41104,4.7889,52.38963,XJHB-jwZI,52.41104 4.75907,52.38963 4.7889,13/08/2011 12:45,5,3
39.263,201108131300,-62.0,-60.0,3.12961,4.75907,52.41104,4.7889,52.38963,XJHB-jwZI,52.41104 4.75907,52.38963 4.7889,13/08/2011 13:00,5,3
39.263,201108131315,-63.0,-62.0,3.12961,4.75907,52.41104,4.7889,52.38963,XJHB-jwZI,52.41104 4.75907,52.38963 4.7889,13/08/2011 13:15,5,3
39.263,201108131330,-62.0,-61.0,3.12961,4.75907,52.41104,4.7889,52.38963,XJHB-jwZI,52.41104 4.75907,52.38963 4.7889,13/08/2011 13:30,5,3
39.263,201108131345,-63.0,-62.0,3.12961,4.75907,52.41104,4.7889,52.38963,XJHB-jwZI,52.41104 4.75907,52.38963 4.7889,13/08/2011 13:45,5,3
39.263,201108131400,-64.0,-62.0,3.12961,4.75907,52.41104,4.7889,52.38963,XJHB-jwZI,52.41104 4.75907,52.38963 4.7889,13/08/2011 14:00,5,3
39.263,201108131415,-62.0,-61.0,3.12961,4.75907,52.41104,4.7889,52.38963,XJHB-jwZI,52.41104 4.75907,52.38963 4.7889,13/08/2011 14:15,5,3
39.263,201108131430,-63.0,-61.0,3.12961,4.75907,52.41104,4.7889,52.38963,XJHB-jwZI,52.41104 4.75907,52.38963 4.7889,13/08/2011 14:30,5,3
39.263,201108131445,-64.0,-62.0,3.12961,4.75907,52.41104,4.7889,52.38963,XJHB-jwZI,52.41104 4.75907,52.38963 4.7889,13/08/2011 14:45,5,3
39.263,201108131500,-63.0,-61.0,3.12961,4.75907,52.41104,4.7889,52.38963,XJHB-jwZI,52.41104 4.75907,52.38963 4.7889,13/08/2011 15:00,5,3
39.263,201108131515,-63.0,-62.0,3.12961,4.75907,52.41104,4.7889,52.38963,XJHB-jwZI,52.41104 4.75907,52.38963 4.7889,13/08/2011 15:15,5,3
39.263,201108131530,-64.0,-62.0,3.12961,4.75907,52.41104,4.7889,52.38963,XJHB-jwZI,52.41104 4.75907,52.38963 4.7889,13/08/2011 15:30,5,3
39.263,201108131545,-64.0,-62.0,3.12961,4.75907,52.41104,4.7889,52.38963,XJHB-jwZI,52.41104 4.75907,52.38963 4.7889,13/08/2011 15:45,5,3
39.263,201108131600,-63.0,-61.0,3.12961,4.75907,52.41104,4.7889,52.38963,XJHB-jwZI,52.41104 4.75907,52.38963 4.7889,13/08/2011 16:00,5,3
39.263,201108131630,-67.0,-62.0,3.12961,4.75907,52.41104,4.7889,52.38963,XJHB-jwZI,52.41104 4.75907,52.38963 4.7889,13/08/2011 16:30,5,3
39.263,201108131645,-65.0,-63.0,3.12961,4.75907,52.41104,4.7889,52.38963,XJHB-jwZI,52.41104 4.75907,52.38963 4.7889,13/08/2011 16:45,5,3
39.263,201108131700,-67.0,-61.0,3.12961,4.75907,52.41104,4.7889,52.38963,XJHB-jwZI,52.41104 4.75907,52.38963 4.7889,13/08/2011 17:00,5,3
39.263,201108131715,-62.0,-60.0,3.12961,4.75907,52.41104,4.7889,52.38963,XJHB-jwZI,52.41104 4.75907,52.38963 4.7889,13/08/2011 17:15,5,3
39.263,201108131730,-61.0,-60.0,3.12961,4.75907,52.41104,4.7889,52.38963,XJHB-jwZI,52.41104 4.75907,52.38963 4.7889,13/08/2011 17:30,5,3
39.263,201108131745,-61.0,-60.0,3.12961,4.75907,52.41104,4.7889,52.38963,XJHB-jwZI,52.41104 4.75907,52.38963 4.7889,13/08/2011 17:45,5,3
39.263,201108131800,-61.0,-60.0,3.12961,4.75907,52.41104,4.7889,52.38963,XJHB-jwZI,52.41104 4.75907,52.38963 4.7889,13/08/2011 18:00,5,3
39.263,201108131815,-61.0,-60.0,3.12961,4.75907,52.41104,4.7889,52.38963,XJHB-jwZI,52.41104 4.75907,52.38963 4.7889,13/08/2011 18:15,5,3
39.263,201108131830,-61.0,-60.0,3.12961,4.75907,52.41104,4.7889,52.38963,XJHB-jwZI,52.41104 4.75907,52.38963 4.7889,13/08/2011 18:30,5,3
39.263,201108131845,-61.0,-60.0,3.12961,4.75907,52.41104,4.7889,52.38963,XJHB-jwZI,52.41104 4.75907,52.38963 4.7889,13/08/2011 18:45,5,3
39.263,201108131900,-61.0,-60.0,3.12961,4.75907,52.41104,4.7889,52.38963,XJHB-jwZI,52.41104 4.75907,52.38963 4.7889,13/08/2011 19:00,5,3
39.263,201108131915,-61.0,-60.0,3.12961,4.75907,52.41104,4.7889,52.38963,XJHB-jwZI,52.41104 4.75907,52.38963 4.7889,13/08/2011 19:15,5,3
39.263,201108131930,-61.0,-60.0,3.12961,4.75907,52.41104,4.7889,52.38963,XJHB-jwZI,52.41104 4.75907,52.38963 4.7889,13/08/2011 19:30,5,3
39.263,201108131945,-61.0,-61.0,3.12961,4.75907,52.41104,4.7889,52.38963,XJHB-jwZI,52.41104 4.75907,52.38963 4.7889,13/08/2011 19:45,5,3
39.263,201108132000,-61.0,-60.0,3.12961,4.75907,52.41104,4.7889,52.38963,XJHB-jwZI,52.41104 4.75907,52.38963 4.7889,13/08/2011 20:00,5,3
39.263,201108132015,-61.0,-60.0,3.12961,4.75907,52.41104,4.7889,52.38963,XJHB-jwZI,52.41104 4.75907,52.38963 4.7889,13/08/2011 20:15,5,3
39.263,201108132030,-61.0,-61.0,3.12961,4.75907,52.41104,4.7889,52.38963,XJHB-jwZI,52.41104 4.75907,52.38963 4.7889,13/08/2011 20:30,5,3
39.263,201108132045,-61.0,-60.0,3.12961,4.75907,52.41104,4.7889,52.38963,XJHB-jwZI,52.41104 4.75907,52.38963 4.7889,13/08/2011 20:45,5,3
39.263,201108132100,-61.0,-60.0,3.12961,4.75907,52.41104,4.7889,52.38963,XJHB-jwZI,52.41104 4.75907,52.38963 4.7889,13/08/2011 21:00,5,3
39.263,201108132115,-61.0,-60.0,3.12961,4.75907,52.41104,4.7889,52.38963,XJHB-jwZI,52.41104 4.75907,52.38963 4.7889,13/08/2011 21:15,5,3
39.263,201108132130,-61.0,-60.0,3.12961,4.75907,52.41104,4.7889,52.38963,XJHB-jwZI,52.41104 4.75907,52.38963 4.7889,13/08/2011 21:30,5,3
39.263,201108132145,-61.0,-60.0,3.12961,4.75907,52.41104,4.7889,52.38963,XJHB-jwZI,52.41104 4.75907,52.38963 4.7889,13/08/2011 21:45,5,3
39.263,201108132200,-61.0,-60.0,3.12961,4.75907,52.41104,4.7889,52.38963,XJHB-jwZI,52.41104 4.75907,52.38963 4.7889,13/08/2011 22:00,5,3
39.263,201108132215,-61.0,-60.0,3.12961,4.75907,52.41104,4.7889,52.38963,XJHB-jwZI,52.41104 4.75907,52.38963 4.7889,13/08/2011 22:15,5,3
39.263,201108132230,-61.0,-60.0,3.12961,4.75907,52.41104,4.7889,52.38963,XJHB-jwZI,52.41104 4.75907,52.38963 4.7889,13/08/2011 22:30,5,3
39.263,201108132245,-61.0,-60.0,3.12961,4.75907,52.41104,4.7889,52.38963,XJHB-jwZI,52.41104 4.75907,52.38963 4.7889,13/08/2011 22:45,5,3
39.263,201108132300,-61.0,-60.0,3.12961,4.75907,52.41104,4.7889,52.38963,XJHB-jwZI,52.41104 4.75907,52.38963 4.7889,13/08/2011 23:00,5,3
